Workbook

Sheet 안내
A1: Tour Navigator 장소 재분류 초안
A3: 목적: 장소마다 카테고리를 하나만 붙이던 방식을 "주 카테고리 + 보조 카테고리 + 성격 태그"로 바꾼 초안입니다.
A4: 범위: 장소 마스터(assets/tour-places.csv) 1,197곳 + 마스터에 없고 테마 화면에만 있는 72곳 = 총 1,269곳.
A5: 분류 방식: 기존 분류를 주 카테고리로 두고, 장소명·설명의 키워드 규칙으로 보조 카테고리와 태그를 제안했습니다. 바닷가 장소(해수욕장·해변·해안·포구 등)는 주 카테고리를 해양·자연으로 옮겼습니다.
A6: 테마 계산: 보조가 있으면 주 0.6 + 보조 0.4, 없으면 주 1.0으로 셉니다. 숙박은 계산에서 뺍니다.
A7: 수정 방법: 「장소 분류」 시트의 노란 칸(주 카테고리, 보조 카테고리, 성격 태그, 걷기 난이도)만 고치면 「테마 프로필」「군집 적합」 시트가 자동으로 다시 계산됩니다.
A8: 검토 우선순위: "변경=Y"(주 카테고리가 바뀐 곳)와 "검토 필요=Y"(분류가 비어 있었거나 설명에서만 바다가 나온 곳)부터 확인해 주세요.
A9: 성격 태그: 바다 / 야경 / 실내 / 촬영명소. 걷기 난이도: 상(산·오름·둘레길) / 중(공원·해안·마을) / 하.
A10: 주의: 규칙 기반 자동 분류라 오분류가 있을 수 있습니다(예: 태종대온천, 삼익비치타운 벚꽃길은 판단이 필요).
A12: 요약 (자동 계산)
A13: 전체 장소 수 | B13: =COUNTA('장소 분류'!D2:D2000) -> 1269
A14: 주 카테고리 변경 (변경=Y) | B14: =COUNTIF('장소 분류'!L2:L2000,"Y") -> 40
A15: 검토 필요 (검토=Y) | B15: =COUNTIF('장소 분류'!M2:M2000,"Y") -> 88
A16: 보조 카테고리 있음 | B16: =COUNTIF('장소 분류'!I2:I2000,"?*") -> 425
A17: 주 카테고리 = 역사·문화 | B17: =COUNTIF('장소 분류'!H2:H2000,"역사·문화") -> 315
A18: 주 카테고리 = 힐링·생태 | B18: =COUNTIF('장소 분류'!H2:H2000,"힐링·생태") -> 324
A19: 주 카테고리 = 테마파크·액티비티 | B19: =COUNTIF('장소 분류'!H2:H2000,"테마파크·액티비티") -> 210
A20: 주 카테고리 = 로컬·먹거리 | B20: =COUNTIF('장소 분류'!H2:H2000,"로컬·먹거리") -> 119
A21: 주 카테고리 = 해양·자연 | B21: =COUNTIF('장소 분류'!H2:H2000,"해양·자연") -> 147
A22: 주 카테고리 = 숙박 | B22: =COUNTIF('장소 분류'!H2:H2000,"숙박") -> 154
A23: 태그: 야경 | B23: =COUNTIF('장소 분류'!J2:J2000,"*야경*") -> 55
A24: 태그: 바다 | B24: =COUNTIF('장소 분류'!J2:J2000,"*바다*") -> 255
A25: 태그: 실내 | B25: =COUNTIF('장소 분류'!J2:J2000,"*실내*") -> 128

Sheet 장소 분류
A1: No | B1: 출처 | C1: 도시 | D1: 장소명 | E1: 영문 | F1: 포함 테마 | G1: 현재 분류(앱) | H1: 주 카테고리(제안) | I1: 보조 카테고리(제안) | J1: 성격 태그 | K1: 걷기 난이도 | L1: 변경 | M1: 검토 필요 | N1: 판단 근거 | O1: 설명 | P1: w:역사·문화 | Q1: w:힐링·생태 | R1: w:테마파크·액티비티 | S1: w:로컬·먹거리 | T1: w:해양·자연 | U1: 야경 | V1: 계산 대상
A2: 1 | B2: 장소 마스터 | D2: 곽지과물해변 | E2: Gwakji Beach | F2: 제주 K-Drama | G2: 힐링·생태 | H2: 해양·자연 | I2: 힐링·생태 | J2: 바다, 촬영명소 | K2: 중 | L2: Y | N2: 바닷가 장소 → 주 카테고리 해양으로 변경 | O2: 모래밭에 용천수가 솟는 해변. 애월 산책로와 이어진다. | P2: =IF($H2="숙박",0,IF($H2=MID(P$1,3,20),IF($I2="",1,0.6),IF($I2=MID(P$1,3,20),0.4,0))) -> 0 | Q2: =IF($H2="숙박",0,IF($H2=MID(Q$1,3,20),IF($I2="",1,0.6),IF($I2=MID(Q$1,3,20),0.4,0))) -> 0.4 | R2: =IF($H2="숙박",0,IF($H2=MID(R$1,3,20),IF($I2="",1,0.6),IF($I2=MID(R$1,3,20),0.4,0))) -> 0 | S2: =IF($H2="숙박",0,IF($H2=MID(S$1,3,20),IF($I2="",1,0.6),IF($I2=MID(S$1,3,20),0.4,0))) -> 0 | T2: =IF($H2="숙박",0,IF($H2=MID(T$1,3,20),IF($I2="",1,0.6),IF($I2=MID(T$1,3,20),0.4,0))) -> 0.6 | U2: =IF($H2="숙박",0,IF(ISNUMBER(SEARCH("야경",$J2)),1,0)) -> 0 | V2: =IF($H2="숙박",0,1) -> 1
A3: 2 | B3: 테마 파일 (부산 영화 기행) | D3: 광안리해변 · 광안대교 | E3: Gwangalli Beach & Diamond Bridge | F3: 부산 영화 기행 | G3: 힐링·생태 | H3: 해양·자연 | I3: 힐링·생태 | J3: 바다, 야경, 촬영명소 | K3: 중 | L3: Y | N3: 바닷가 장소 → 주 카테고리 해양으로 변경 | O3: 7.4km 현수교와 이를 정면으로 마주 보는 해변. 야간 조명과 드론쇼가 열리며, 재난·액션물의 클라이맥스 배경으로 반복해서 등장한다. | P3: =IF($H3="숙박",0,IF($H3=MID(P$1,3,20),IF($I3="",1,0.6),IF($I3=MID(P$1,3,20),0.4,0))) -> 0 | Q3: =IF($H3="숙박",0,IF($H3=MID(Q$1,3,20),IF($I3="",1,0.6),IF($I3=MID(Q$1,3,20),0.4,0))) -> 0.4 | R3: =IF($H3="숙박",0,IF($H3=MID(R$1,3,20),IF($I3="",1,0.6),IF($I3=MID(R$1,3,20),0.4,0))) -> 0 | S3: =IF($H3="숙박",0,IF($H3=MID(S$1,3,20),IF($I3="",1,0.6),IF($I3=MID(S$1,3,20),0.4,0))) -> 0 | T3: =IF($H3="숙박",0,IF($H3=MID(T$1,3,20),IF($I3="",1,0.6),IF($I3=MID(T$1,3,20),0.4,0))) -> 0.6 | U3: =IF($H3="숙박",0,IF(ISNUMBER(SEARCH("야경",$J3)),1,0)) -> 1 | V3: =IF($H3="숙박",0,1) -> 1
A4: 3 | B4: 테마 파일 (제주 K-Drama) | D4: 광치기해변 | E4: Gwangchigi Beach | F4: 제주 K-Drama | G4: 힐링·생태 | H4: 해양·자연 | I4: 힐링·생태 | J4: 바다, 촬영명소 | K4: 중 | L4: Y | N4: 바닷가 장소 → 주 카테고리 해양으로 변경 | O4: 썰물에 이끼 낀 암반이 초록으로 드러나는 해변. 성산일출봉을 정면으로 마주 본다. | P4: =IF($H4="숙박",0,IF($H4=MID(P$1,3,20),IF($I4="",1,0.6),IF($I4=MID(P$1,3,20),0.4,0))) -> 0 | Q4: =IF($H4="숙박",0,IF($H4=MID(Q$1,3,20),IF($I4="",1,0.6),IF($I4=MID(Q$1,3,20),0.4,0))) -> 0.4 | R4: =IF($H4="숙박",0,IF($H4=MID(R$1,3,20),IF($I4="",1,0.6),IF($I4=MID(R$1,3,20),0.4,0))) -> 0 | S4: =IF($H4="숙박",0,IF($H4=MID(S$1,3,20),IF($I4="",1,0.6),IF($I4=MID(S$1,3,20),0.4,0))) -> 0 | T4: =IF($H4="숙박",0,IF($H4=MID(T$1,3,20),IF($I4="",1,0.6),IF($I4=MID(T$1,3,20),0.4,0))) -> 0.6 | U4: =IF($H4="숙박",0,IF(ISNUMBER(SEARCH("야경",$J4)),1,0)) -> 0 | V4: =IF($H4="숙박",0,1) -> 1
A5: 4 | B5: 테마 파일 (제주 K-Drama) | D5: 금능포구 돌담길 | E5: Geumneung Harbour Stone Walls | F5: 제주 K-Drama | G5: 힐링·생태 | H5: 해양·자연 | I5: 힐링·생태 | J5: 바다, 촬영명소 | K5: 중 | L5: Y | N5: 바닷가 장소 → 주 카테고리 해양으로 변경 | O5: 검은 현무암 돌담이 바다까지 이어지는 포구. 옴니버스 인물들이 오가던 마을 길의 배경으로 소개된 구간이다. | P5: =IF($H5="숙박",0,IF($H5=MID(P$1,3,20),IF($I5="",1,0.6),IF($I5=MID(P$1,3,20),0.4,0))) -> 0 | Q5: =IF($H5="숙박",0,IF($H5=MID(Q$1,3,20),IF($I5="",1,0.6),IF($I5=MID(Q$1,3,20),0.4,0))) -> 0.4 | R5: =IF($H5="숙박",0,IF($H5=MID(R$1,3,20),IF($I5="",1,0.6),IF($I5=MID(R$1,3,20),0.4,0))) -> 0 | S5: =IF($H5="숙박",0,IF($H5=MID(S$1,3,20),IF($I5="",1,0.6),IF($I5=MID(S$1,3,20),0.4,0))) -> 0 | T5: =IF($H5="숙박",0,IF($H5=MID(T$1,3,20),IF($I5="",1,0.6),IF($I5=MID(T$1,3,20),0.4,0))) -> 0.6 | U5: =IF($H5="숙박",0,IF(ISNUMBER(SEARCH("야경",$J5)),1,0)) -> 0 | V5: =IF($H5="숙박",0,1) -> 1
A6: 5 | B6: 장소 마스터 | D6: 기장 죽성 해안 | E6: Jukseong Coast | F6: 부산 영화 기행 | G6: 힐링·생태 | H6: 해양·자연 | I6: 힐링·생태 | J6: 바다, 촬영명소 | K6: 중 | L6: Y | N6: 바닷가 장소 → 주 카테고리 해양으로 변경 | O6: 갯바위와 방파제가 이어지는 조용한 해안. | P6: =IF($H6="숙박",0,IF($H6=MID(P$1,3,20),IF($I6="",1,0.6),IF($I6=MID(P$1,3,20),0.4,0))) -> 0 | Q6: =IF($H6="숙박",0,IF($H6=MID(Q$1,3,20),IF($I6="",1,0.6),IF($I6=MID(Q$1,3,20),0.4,0))) -> 0.4 | R6: =IF($H6="숙박",0,IF($H6=MID(R$1,3,20),IF($I6="",1,0.6),IF($I6=MID(R$1,3,20),0.4,0))) -> 0 | S6: =IF($H6="숙박",0,IF($H6=MID(S$1,3,20),IF($I6="",1,0.6),IF($I6=MID(S$1,3,20),0.4,0))) -> 0 | T6: =IF($H6="숙박",0,IF($H6=MID(T$1,3,20),IF($I6="",1,0.6),IF($I6=MID(T$1,3,20),0.4,0))) -> 0.6 | U6: =IF($H6="숙박",0,IF(ISNUMBER(SEARCH("야경",$J6)),1,0)) -> 0 | V6: =IF($H6="숙박",0,1) -> 1
A7: 6 | B7: 장소 마스터 | D7: 김녕성세기해변 | E7: Gimnyeong Seongsegi Beach | F7: 제주 K-Drama | G7: 힐링·생태 | H7: 해양·자연 | I7: 힐링·생태 | J7: 바다, 촬영명소 | K7: 중 | L7: Y | N7: 바닷가 장소 → 주 카테고리 해양으로 변경 | O7: 김녕 본 해변 옆의 작은 만. 물빛이 더 짙다. | P7: =IF($H7="숙박",0,IF($H7=MID(P$1,3,20),IF($I7="",1,0.6),IF($I7=MID(P$1,3,20),0.4,0))) -> 0 | Q7: =IF($H7="숙박",0,IF($H7=MID(Q$1,3,20),IF($I7="",1,0.6),IF($I7=MID(Q$1,3,20),0.4,0))) -> 0.4 | R7: =IF($H7="숙박",0,IF($H7=MID(R$1,3,20),IF($I7="",1,0.6),IF($I7=MID(R$1,3,20),0.4,0))) -> 0 | S7: =IF($H7="숙박",0,IF($H7=MID(S$1,3,20),IF($I7="",1,0.6),IF($I7=MID(S$1,3,20),0.4,0))) -> 0 | T7: =IF($H7="숙박",0,IF($H7=MID(T$1,3,20),IF($I7="",1,0.6),IF($I7=MID(T$1,3,20),0.4,0))) -> 0.6 | U7: =IF($H7="숙박",0,IF(ISNUMBER(SEARCH("야경",$J7)),1,0)) -> 0 | V7: =IF($H7="숙박",0,1) -> 1
A8: 7 | B8: 테마 파일 (제주 K-Drama) | D8: 김녕해수욕장 | E8: Gimnyeong Beach | F8: 제주 K-Drama | G8: 힐링·생태 | H8: 해양·자연 | I8: 힐링·생태 | J8: 바다, 촬영명소 | K8: 중 | L8: Y | N8: 바닷가 장소 → 주 카테고리 해양으로 변경 | O8: 어린 애순이가 엄마를 기다리며 뛰어놀던 해변. 물빛이 옅은 청록으로 얕게 깔리고, 뒤로 풍력발전기가 줄지어 선다. | P8: =IF($H8="숙박",0,IF($H8=MID(P$1,3,20),IF($I8="",1,0.6),IF($I8=MID(P$1,3,20),0.4,0))) -> 0 | Q8: =IF($H8="숙박",0,IF($H8=MID(Q$1,3,20),IF($I8="",1,0.6),IF($I8=MID(Q$1,3,20),0.4,0))) -> 0.4 | R8: =IF($H8="숙박",0,IF($H8=MID(R$1,3,20),IF($I8="",1,0.6),IF($I8=MID(R$1,3,20),0.4,0))) -> 0 | S8: =IF($H8="숙박",0,IF($H8=MID(S$1,3,20),IF($I8="",1,0.6),IF($I8=MID(S$1,3,20),0.4,0))) -> 0 | T8: =IF($H8="숙박",0,IF($H8=MID(T$1,3,20),IF($I8="",1,0.6),IF($I8=MID(T$1,3,20),0.4,0))) -> 0.6 | U8: =IF($H8="숙박",0,IF(ISNUMBER(SEARCH("야경",$J8)),1,0)) -> 0 | V8: =IF($H8="숙박",0,1) -> 1
A9: 8 | B9: 장소 마스터 | D9: 남원 큰엉해안경승지 | E9: Keunnyeong Coastal Walk | F9: 제주 K-Drama | G9: 힐링·생태 | H9: 해양·자연 | I9: 힐링·생태 | J9: 바다, 촬영명소 | K9: 중 | L9: Y | N9: 바닷가 장소 → 주 카테고리 해양으로 변경 | O9: 절벽 위로 난 산책로. 한반도 모양으로 뚫린 나뭇잎 구간이 알려져 있다. | P9: =IF($H9="숙박",0,IF($H9=MID(P$1,3,20),IF($I9="",1,0.6),IF($I9=MID(P$1,3,20),0.4,0))) -> 0 | Q9: =IF($H9="숙박",0,IF($H9=MID(Q$1,3,20),IF($I9="",1,0.6),IF($I9=MID(Q$1,3,20),0.4,0))) -> 0.4 | R9: =IF($H9="숙박",0,IF($H9=MID(R$1,3,20),IF($I9="",1,0.6),IF($I9=MID(R$1,3,20),0.4,0))) -> 0 | S9: =IF($H9="숙박",0,IF($H9=MID(S$1,3,20),IF($I9="",1,0.6),IF($I9=MID(S$1,3,20),0.4,0))) -> 0 | T9: =IF($H9="숙박",0,IF($H9=MID(T$1,3,20),IF($I9="",1,0.6),IF($I9=MID(T$1,3,20),0.4,0))) -> 0.6 | U9: =IF($H9="숙박",0,IF(ISNUMBER(SEARCH("야경",$J9)),1,0)) -> 0 | V9: =IF($H9="숙박",0,1) -> 1
A10: 9 | B10: 장소 마스터 | D10: 동백섬 · 누리마루 | E10: Dongbaekseom & Nurimaru | F10: 부산 영화 기행 | G10: 힐링·생태 | H10: 해양·자연 | I10: 힐링·생태 | J10: 바다, 촬영명소 | K10: 중 | L10: Y | N10: 바닷가 장소 → 주 카테고리 해양으로 변경 | O10: 해운대 서쪽 끝 육계도. 해안 산책로가 누리마루 APEC하우스로 이어진다. | P10: =IF($H10="숙박",0,IF($H10=MID(P$1,3,20),IF($I10="",1,0.6),IF($I10=MID(P$1,3,20),0.4,0))) -> 0 | Q10: =IF($H10="숙박",0,IF($H10=MID(Q$1,3,20),IF($I10="",1,0.6),IF($I10=MID(Q$1,3,20),0.4,0))) -> 0.4 | R10: =IF($H10="숙박",0,IF($H10=MID(R$1,3,20),IF($I10="",1,0.6),IF($I10=MID(R$1,3,20),0.4,0))) -> 0 | S10: =IF($H10="숙박",0,IF($H10=MID(S$1,3,20),IF($I10="",1,0.6),IF($I10=MID(S$1,3,20),0.4,0))) -> 0 | T10: =IF($H10="숙박",0,IF($H10=MID(T$1,3,20),IF($I10="",1,0.6),IF($I10=MID(T$1,3,20),0.4,0))) -> 0.6 | U10: =IF($H10="숙박",0,IF(ISNUMBER(SEARCH("야경",$J10)),1,0)) -> 0 | V10: =IF($H10="숙박",0,1) -> 1
A11: 10 | B11: 장소 마스터 | D11: 부네치아 (장림포구) | E11: Bunezia (Jangnim Port) | F11: 부산 영화 기행 | G11: 힐링·생태 | H11: 해양·자연 | I11: 힐링·생태 | J11: 바다, 촬영명소 | K11: 중 | L11: Y | N11: 바닷가 장소 → 주 카테고리 해양으로 변경 | O11: 색색의 창고가 물가에 늘어선 포구. 베네치아를 빗대 부네치아로 불린다. | P11: =IF($H11="숙박",0,IF($H11=MID(P$1,3,20),IF($I11="",1,0.6),IF($I11=MID(P$1,3,20),0.4,0))) -> 0 | Q11: =IF($H11="숙박",0,IF($H11=MID(Q$1,3,20),IF($I11="",1,0.6),IF($I11=MID(Q$1,3,20),0.4,0))) -> 0.4 | R11: =IF($H11="숙박",0,IF($H11=MID(R$1,3,20),IF($I11="",1,0.6),IF($I11=MID(R$1,3,20),0.4,0))) -> 0 | S11: =IF($H11="숙박",0,IF($H11=MID(S$1,3,20),IF($I11="",1,0.6),IF($I11=MID(S$1,3,20),0.4,0))) -> 0 | T11: =IF($H11="숙박",0,IF($H11=MID(T$1,3,20),IF($I11="",1,0.6),IF($I11=MID(T$1,3,20),0.4,0))) -> 0.6 | U11: =IF($H11="숙박",0,IF(ISNUMBER(SEARCH("야경",$J11)),1,0)) -> 0 | V11: =IF($H11="숙박",0,1) -> 1
A12: 11 | B12: 장소 마스터 | D12: 부산 아난티 · 힐튼 해안 | E12: Ananti Coast | F12: 부산 영화 기행 | G12: 힐링·생태 | H12: 해양·자연 | I12: 힐링·생태 | J12: 바다, 촬영명소 | K12: 중 | L12: Y | N12: 바닷가 장소 → 주 카테고리 해양으로 변경 | O12: 절벽 위 리조트 단지의 공개 산책로와 서점. | P12: =IF($H12="숙박",0,IF($H12=MID(P$1,3,20),IF($I12="",1,0.6),IF($I12=MID(P$1,3,20),0.4,0))) -> 0 | Q12: =IF($H12="숙박",0,IF($H12=MID(Q$1,3,20),IF($I12="",1,0.6),IF($I12=MID(Q$1,3,20),0.4,0))) -> 0.4 | R12: =IF($H12="숙박",0,IF($H12=MID(R$1,3,20),IF($I12="",1,0.6),IF($I12=MID(R$1,3,20),0.4,0))) -> 0 | S12: =IF($H12="숙박",0,IF($H12=MID(S$1,3,20),IF($I12="",1,0.6),IF($I12=MID(S$1,3,20),0.4,0))) -> 0 | T12: =IF($H12="숙박",0,IF($H12=MID(T$1,3,20),IF($I12="",1,0.6),IF($I12=MID(T$1,3,20),0.4,0))) -> 0.6 | U12: =IF($H12="숙박",0,IF(ISNUMBER(SEARCH("야경",$J12)),1,0)) -> 0 | V12: =IF($H12="숙박",0,1) -> 1
A13: 12 | B13: 장소 마스터 | D13: 부산항 북항 친수공원 | E13: North Port Waterfront Park | F13: 부산 영화 기행 | G13: 힐링·생태 | H13: 해양·자연 | I13: 힐링·생태 | J13: 바다, 촬영명소 | K13: 중 | L13: Y | N13: 바닷가 장소 → 주 카테고리 해양으로 변경 | O13: 재개발한 항만 부지의 수변 공원. 크루즈 부두가 보인다. | P13: =IF($H13="숙박",0,IF($H13=MID(P$1,3,20),IF($I13="",1,0.6),IF($I13=MID(P$1,3,20),0.4,0))) -> 0 | Q13: =IF($H13="숙박",0,IF($H13=MID(Q$1,3,20),IF($I13="",1,0.6),IF($I13=MID(Q$1,3,20),0.4,0))) -> 0.4 | R13: =IF($H13="숙박",0,IF($H13=MID(R$1,3,20),IF($I13="",1,0.6),IF($I13=MID(R$1,3,20),0.4,0))) -> 0 | S13: =IF($H13="숙박",0,IF($H13=MID(S$1,3,20),IF($I13="",1,0.6),IF($I13=MID(S$1,3,20),0.4,0))) -> 0 | T13: =IF($H13="숙박",0,IF($H13=MID(T$1,3,20),IF($I13="",1,0.6),IF($I13=MID(T$1,3,20),0.4,0))) -> 0.6 | U13: =IF($H13="숙박",0,IF(ISNUMBER(SEARCH("야경",$J13)),1,0)) -> 0 | V13: =IF($H13="숙박",0,1) -> 1
... A37: 36 | B37: 장소 마스터 | D37: 흰여울 절영해안산책로 | E37: Jeollyeong Coastal Walk | F37: 부산 영화 기행 | G37: 힐링·생태 | H37: 해양·자연 | I37: 힐링·생태 | J37: 바다, 촬영명소 | K37: 중 | L37: Y | N37: 바닷가 장소 → 주 카테고리 해양으로 변경 | O37: 흰여울마을 아래 해안으로 내려가는 길. 파도 소리가 가깝다. | P37: =IF($H37="숙박",0,IF($H37=MID(P$1,3,20),IF($I37="",1,0.6),IF($I37=MID(P$1,3,20),0.4,0))) -> 0 | Q37: =IF($H37="숙박",0,IF($H37=MID(Q$1,3,20),IF($I37="",1,0.6),IF($I37=MID(Q$1,3,20),0.4,0))) -> 0.4 | R37: =IF($H37="숙박",0,IF($H37=MID(R$1,3,20),IF($I37="",1,0.6),IF($I37=MID(R$1,3,20),0.4,0))) -> 0 | S37: =IF($H37="숙박",0,IF($H37=MID(S$1,3,20),IF($I37="",1,0.6),IF($I37=MID(S$1,3,20),0.4,0))) -> 0 | T37: =IF($H37="숙박",0,IF($H37=MID(T$1,3,20),IF($I37="",1,0.6),IF($I37=MID(T$1,3,20),0.4,0))) -> 0.6 | U37: =IF($H37="숙박",0,IF(ISNUMBER(SEARCH("야경",$J37)),1,0)) -> 0 | V37: =IF($H37="숙박",0,1) -> 1
A38: 37 | B38: 장소 마스터 | C38: 거제 | D38: 공곶이 | E38: Gonggoji | G38: 힐링·생태 | H38: 해양·자연 | I38: 힐링·생태 | J38: 바다 | K38: 중 | L38: Y | N38: 바닷가 장소 → 주 카테고리 해양으로 변경 | O38: 수선화가 덮는 바닷가 계단 농원. | P38: =IF($H38="숙박",0,IF($H38=MID(P$1,3,20),IF($I38="",1,0.6),IF($I38=MID(P$1,3,20),0.4,0))) -> 0 | Q38: =IF($H38="숙박",0,IF($H38=MID(Q$1,3,20),IF($I38="",1,0.6),IF($I38=MID(Q$1,3,20),0.4,0))) -> 0.4 | R38: =IF($H38="숙박",0,IF($H38=MID(R$1,3,20),IF($I38="",1,0.6),IF($I38=MID(R$1,3,20),0.4,0))) -> 0 | S38: =IF($H38="숙박",0,IF($H38=MID(S$1,3,20),IF($I38="",1,0.6),IF($I38=MID(S$1,3,20),0.4,0))) -> 0 | T38: =IF($H38="숙박",0,IF($H38=MID(T$1,3,20),IF($I38="",1,0.6),IF($I38=MID(T$1,3,20),0.4,0))) -> 0.6 | U38: =IF($H38="숙박",0,IF(ISNUMBER(SEARCH("야경",$J38)),1,0)) -> 0 | V38: =IF($H38="숙박",0,1) -> 1
A39: 38 | B39: 장소 마스터 | C39: 영덕 | D39: 삼사해상공원 | E39: Samsa Maritime Park | G39: 힐링·생태 | H39: 해양·자연 | I39: 힐링·생태 | J39: 바다 | K39: 중 | L39: Y | N39: 바닷가 장소 → 주 카테고리 해양으로 변경 | O39: 동해를 내려다보는 언덕 공원. 대종이 있다. | P39: =IF($H39="숙박",0,IF($H39=MID(P$1,3,20),IF($I39="",1,0.6),IF($I39=MID(P$1,3,20),0.4,0))) -> 0 | Q39: =IF($H39="숙박",0,IF($H39=MID(Q$1,3,20),IF($I39="",1,0.6),IF($I39=MID(Q$1,3,20),0.4,0))) -> 0.4 | R39: =IF($H39="숙박",0,IF($H39=MID(R$1,3,20),IF($I39="",1,0.6),IF($I39=MID(R$1,3,20),0.4,0))) -> 0 | S39: =IF($H39="숙박",0,IF($H39=MID(S$1,3,20),IF($I39="",1,0.6),IF($I39=MID(S$1,3,20),0.4,0))) -> 0 | T39: =IF($H39="숙박",0,IF($H39=MID(T$1,3,20),IF($I39="",1,0.6),IF($I39=MID(T$1,3,20),0.4,0))) -> 0.6 | U39: =IF($H39="숙박",0,IF(ISNUMBER(SEARCH("야경",$J39)),1,0)) -> 0 | V39: =IF($H39="숙박",0,1) -> 1
A40: 39 | B40: 장소 마스터 | C40: 태안 | D40: 신두리 해안사구 | E40: Sinduri Coastal Dunes | G40: 힐링·생태 | H40: 해양·자연 | I40: 힐링·생태 | J40: 바다 | K40: 중 | L40: Y | N40: 바닷가 장소 → 주 카테고리 해양으로 변경 | O40: 한국 최대의 해안 사구. 천연기념물이다. | P40: =IF($H40="숙박",0,IF($H40=MID(P$1,3,20),IF($I40="",1,0.6),IF($I40=MID(P$1,3,20),0.4,0))) -> 0 | Q40: =IF($H40="숙박",0,IF($H40=MID(Q$1,3,20),IF($I40="",1,0.6),IF($I40=MID(Q$1,3,20),0.4,0))) -> 0.4 | R40: =IF($H40="숙박",0,IF($H40=MID(R$1,3,20),IF($I40="",1,0.6),IF($I40=MID(R$1,3,20),0.4,0))) -> 0 | S40: =IF($H40="숙박",0,IF($H40=MID(S$1,3,20),IF($I40="",1,0.6),IF($I40=MID(S$1,3,20),0.4,0))) -> 0 | T40: =IF($H40="숙박",0,IF($H40=MID(T$1,3,20),IF($I40="",1,0.6),IF($I40=MID(T$1,3,20),0.4,0))) -> 0.6 | U40: =IF($H40="숙박",0,IF(ISNUMBER(SEARCH("야경",$J40)),1,0)) -> 0 | V40: =IF($H40="숙박",0,1) -> 1
A41: 40 | B41: 장소 마스터 | C41: 통영 | D41: 장사도 해상공원 | E41: Jangsado Sea Park | G41: 힐링·생태 | H41: 해양·자연 | I41: 힐링·생태 | J41: 바다 | K41: 중 | L41: Y | N41: 바닷가 장소 → 주 카테고리 해양으로 변경 | O41: 동백과 야생화가 덮인 정원 섬. | P41: =IF($H41="숙박",0,IF($H41=MID(P$1,3,20),IF($I41="",1,0.6),IF($I41=MID(P$1,3,20),0.4,0))) -> 0 | Q41: =IF($H41="숙박",0,IF($H41=MID(Q$1,3,20),IF($I41="",1,0.6),IF($I41=MID(Q$1,3,20),0.4,0))) -> 0.4 | R41: =IF($H41="숙박",0,IF($H41=MID(R$1,3,20),IF($I41="",1,0.6),IF($I41=MID(R$1,3,20),0.4,0))) -> 0 | S41: =IF($H41="숙박",0,IF($H41=MID(S$1,3,20),IF($I41="",1,0.6),IF($I41=MID(S$1,3,20),0.4,0))) -> 0 | T41: =IF($H41="숙박",0,IF($H41=MID(T$1,3,20),IF($I41="",1,0.6),IF($I41=MID(T$1,3,20),0.4,0))) -> 0.6 | U41: =IF($H41="숙박",0,IF(ISNUMBER(SEARCH("야경",$J41)),1,0)) -> 0 | V41: =IF($H41="숙박",0,1) -> 1
A42: 41 | B42: 장소 마스터 | D42: 가파도 | E42: Gapado Island | F42: 제주 K-Drama | G42: 테마파크·액티비티 | H42: 테마파크·액티비티 | I42: 해양·자연 | J42: 바다, 촬영명소 | K42: 중 | M42: Y | N42: 바다 관련 → 보조 해양 | O42: 청보리밭이 섬 전체를 덮는 봄이 절정. 한 바퀴 두 시간이면 돈다. | P42: =IF($H42="숙박",0,IF($H42=MID(P$1,3,20),IF($I42="",1,0.6),IF($I42=MID(P$1,3,20),0.4,0))) -> 0 | Q42: =IF($H42="숙박",0,IF($H42=MID(Q$1,3,20),IF($I42="",1,0.6),IF($I42=MID(Q$1,3,20),0.4,0))) -> 0 | R42: =IF($H42="숙박",0,IF($H42=MID(R$1,3,20),IF($I42="",1,0.6),IF($I42=MID(R$1,3,20),0.4,0))) -> 0.6 | S42: =IF($H42="숙박",0,IF($H42=MID(S$1,3,20),IF($I42="",1,0.6),IF($I42=MID(S$1,3,20),0.4,0))) -> 0 | T42: =IF($H42="숙박",0,IF($H42=MID(T$1,3,20),IF($I42="",1,0.6),IF($I42=MID(T$1,3,20),0.4,0))) -> 0.4 | U42: =IF($H42="숙박",0,IF(ISNUMBER(SEARCH("야경",$J42)),1,0)) -> 0 | V42: =IF($H42="숙박",0,1) -> 1
A43: 42 | B43: 장소 마스터 | D43: 구조라성 | E43: Gujora Fortress | F43: RESCENE Route | G43: 역사·문화 | H43: 역사·문화 | I43: 해양·자연 | J43: 바다, 촬영명소 | K43: 하 | M43: Y | N43: 바다 관련 → 보조 해양 | O43: 조선 수군이 쌓은 산성. 해변 뒤 능선을 따라 성벽이 남아 구조라항과 외도 방향 바다가 한눈에 든다. | P43: =IF($H43="숙박",0,IF($H43=MID(P$1,3,20),IF($I43="",1,0.6),IF($I43=MID(P$1,3,20),0.4,0))) -> 0.6 | Q43: =IF($H43="숙박",0,IF($H43=MID(Q$1,3,20),IF($I43="",1,0.6),IF($I43=MID(Q$1,3,20),0.4,0))) -> 0 | R43: =IF($H43="숙박",0,IF($H43=MID(R$1,3,20),IF($I43="",1,0.6),IF($I43=MID(R$1,3,20),0.4,0))) -> 0 | S43: =IF($H43="숙박",0,IF($H43=MID(S$1,3,20),IF($I43="",1,0.6),IF($I43=MID(S$1,3,20),0.4,0))) -> 0 | T43: =IF($H43="숙박",0,IF($H43=MID(T$1,3,20),IF($I43="",1,0.6),IF($I43=MID(T$1,3,20),0.4,0))) -> 0.4 | U43: =IF($H43="숙박",0,IF(ISNUMBER(SEARCH("야경",$J43)),1,0)) -> 0 | V43: =IF($H43="숙박",0,1) -> 1
A44: 43 | B44: 장소 마스터 | D44: 국립제주박물관 | E44: Jeju National Museum | F44: 제주 K-Drama | G44: 역사·문화 | H44: 역사·문화 | I44: 해양·자연 | J44: 바다, 실내, 촬영명소 | K44: 중 | M44: Y | N44: 바다 관련 → 보조 해양 | O44: 탐라부터 조선까지 섬의 유물을 모았다. 공항에서 가까워 첫날에 넣기 좋다. | P44: =IF($H44="숙박",0,IF($H44=MID(P$1,3,20),IF($I44="",1,0.6),IF($I44=MID(P$1,3,20),0.4,0))) -> 0.6 | Q44: =IF($H44="숙박",0,IF($H44=MID(Q$1,3,20),IF($I44="",1,0.6),IF($I44=MID(Q$1,3,20),0.4,0))) -> 0 | R44: =IF($H44="숙박",0,IF($H44=MID(R$1,3,20),IF($I44="",1,0.6),IF($I44=MID(R$1,3,20),0.4,0))) -> 0 | S44: =IF($H44="숙박",0,IF($H44=MID(S$1,3,20),IF($I44="",1,0.6),IF($I44=MID(S$1,3,20),0.4,0))) -> 0 | T44: =IF($H44="숙박",0,IF($H44=MID(T$1,3,20),IF($I44="",1,0.6),IF($I44=MID(T$1,3,20),0.4,0))) -> 0.4 | U44: =IF($H44="숙박",0,IF(ISNUMBER(SEARCH("야경",$J44)),1,0)) -> 0 | V44: =IF($H44="숙박",0,1) -> 1
A45: 44 | B45: 장소 마스터 | D45: 노들섬 | E45: Nodeul Island | F45: 케이팝 데몬 헌터스 | G45: 테마파크·액티비티 | H45: 테마파크·액티비티 | I45: 해양·자연 | J45: 바다, 실내, 촬영명소 | K45: 중 | M45: Y | N45: 바다 관련 → 보조 해양 | O45: 한강 한가운데의 공연·전시 섬. 보행로로 걸어 들어간다. | P45: =IF($H45="숙박",0,IF($H45=MID(P$1,3,20),IF($I45="",1,0.6),IF($I45=MID(P$1,3,20),0.4,0))) -> 0 | Q45: =IF($H45="숙박",0,IF($H45=MID(Q$1,3,20),IF($I45="",1,0.6),IF($I45=MID(Q$1,3,20),0.4,0))) -> 0 | R45: =IF($H45="숙박",0,IF($H45=MID(R$1,3,20),IF($I45="",1,0.6),IF($I45=MID(R$1,3,20),0.4,0))) -> 0.6 | S45: =IF($H45="숙박",0,IF($H45=MID(S$1,3,20),IF($I45="",1,0.6),IF($I45=MID(S$1,3,20),0.4,0))) -> 0 | T45: =IF($H45="숙박",0,IF($H45=MID(T$1,3,20),IF($I45="",1,0.6),IF($I45=MID(T$1,3,20),0.4,0))) -> 0.4 | U45: =IF($H45="숙박",0,IF(ISNUMBER(SEARCH("야경",$J45)),1,0)) -> 0 | V45: =IF($H45="숙박",0,1) -> 1
A46: 45 | B46: 장소 마스터 | D46: 다대포 꿈의낙조분수 | E46: Dadaepo Sunset Fountain | F46: 부산 영화 기행 | G46: 힐링·생태 | H46: 힐링·생태 | I46: 해양·자연 | J46: 바다, 촬영명소 | K46: 중 | M46: Y | N46: 바다 관련 → 보조 해양 | O46: 해 지는 시간에 맞춰 물을 뿜는 대형 분수. 다대포 해변과 붙어 있다. | P46: =IF($H46="숙박",0,IF($H46=MID(P$1,3,20),IF($I46="",1,0.6),IF($I46=MID(P$1,3,20),0.4,0))) -> 0 | Q46: =IF($H46="숙박",0,IF($H46=MID(Q$1,3,20),IF($I46="",1,0.6),IF($I46=MID(Q$1,3,20),0.4,0))) -> 0.6 | R46: =IF($H46="숙박",0,IF($H46=MID(R$1,3,20),IF($I46="",1,0.6),IF($I46=MID(R$1,3,20),0.4,0))) -> 0 | S46: =IF($H46="숙박",0,IF($H46=MID(S$1,3,20),IF($I46="",1,0.6),IF($I46=MID(S$1,3,20),0.4,0))) -> 0 | T46: =IF($H46="숙박",0,IF($H46=MID(T$1,3,20),IF($I46="",1,0.6),IF($I46=MID(T$1,3,20),0.4,0))) -> 0.4 | U46: =IF($H46="숙박",0,IF(ISNUMBER(SEARCH("야경",$J46)),1,0)) -> 0 | V46: =IF($H46="숙박",0,1) -> 1
A47: 46 | B47: 장소 마스터 | D47: 대포주상절리대 | E47: Daepo Columnar Joints | F47: 제주 K-Drama | G47: 역사·문화 | H47: 역사·문화 | I47: 해양·자연 | J47: 바다, 촬영명소 | K47: 하 | M47: Y | N47: 바다 관련 → 보조 해양 | O47: 육각 기둥이 바다로 늘어선 절벽. 중문 권역에 있다. | P47: =IF($H47="숙박",0,IF($H47=MID(P$1,3,20),IF($I47="",1,0.6),IF($I47=MID(P$1,3,20),0.4,0))) -> 0.6 | Q47: =IF($H47="숙박",0,IF($H47=MID(Q$1,3,20),IF($I47="",1,0.6),IF($I47=MID(Q$1,3,20),0.4,0))) -> 0 | R47: =IF($H47="숙박",0,IF($H47=MID(R$1,3,20),IF($I47="",1,0.6),IF($I47=MID(R$1,3,20),0.4,0))) -> 0 | S47: =IF($H47="숙박",0,IF($H47=MID(S$1,3,20),IF($I47="",1,0.6),IF($I47=MID(S$1,3,20),0.4,0))) -> 0 | T47: =IF($H47="숙박",0,IF($H47=MID(T$1,3,20),IF($I47="",1,0.6),IF($I47=MID(T$1,3,20),0.4,0))) -> 0.4 | U47: =IF($H47="숙박",0,IF(ISNUMBER(SEARCH("야경",$J47)),1,0)) -> 0 | V47: =IF($H47="숙박",0,1) -> 1
A48: 47 | B48: 장소 마스터 | D48: 도두봉 | E48: Dodubong | F48: 제주 K-Drama | G48: 힐링·생태 | H48: 힐링·생태 | I48: 해양·자연 | J48: 바다, 촬영명소 | K48: 상 | M48: Y | N48: 바다 관련 → 보조 해양 | O48: 공항 활주로와 바다가 같이 보이는 낮은 언덕. 비행기 사진 자리로 알려져 있다. | P48: =IF($H48="숙박",0,IF($H48=MID(P$1,3,20),IF($I48="",1,0.6),IF($I48=MID(P$1,3,20),0.4,0))) -> 0 | Q48: =IF($H48="숙박",0,IF($H48=MID(Q$1,3,20),IF($I48="",1,0.6),IF($I48=MID(Q$1,3,20),0.4,0))) -> 0.6 | R48: =IF($H48="숙박",0,IF($H48=MID(R$1,3,20),IF($I48="",1,0.6),IF($I48=MID(R$1,3,20),0.4,0))) -> 0 | S48: =IF($H48="숙박",0,IF($H48=MID(S$1,3,20),IF($I48="",1,0.6),IF($I48=MID(S$1,3,20),0.4,0))) -> 0 | T48: =IF($H48="숙박",0,IF($H48=MID(T$1,3,20),IF($I48="",1,0.6),IF($I48=MID(T$1,3,20),0.4,0))) -> 0.4 | U48: =IF($H48="숙박",0,IF(ISNUMBER(SEARCH("야경",$J48)),1,0)) -> 0 | V48: =IF($H48="숙박",0,1) -> 1
A49: 48 | B49: 장소 마스터 | D49: 마라도 | E49: Marado Island | F49: 제주 K-Drama | G49: 테마파크·액티비티 | H49: 테마파크·액티비티 | I49: 해양·자연 | J49: 바다, 촬영명소 | K49: 중 | M49: Y | N49: 바다 관련 → 보조 해양 | O49: 국토 최남단 섬. 배 시간이 정해져 있어 체류 시간이 짧다. | P49: =IF($H49="숙박",0,IF($H49=MID(P$1,3,20),IF($I49="",1,0.6),IF($I49=MID(P$1,3,20),0.4,0))) -> 0 | Q49: =IF($H49="숙박",0,IF($H49=MID(Q$1,3,20),IF($I49="",1,0.6),IF($I49=MID(Q$1,3,20),0.4,0))) -> 0 | R49: =IF($H49="숙박",0,IF($H49=MID(R$1,3,20),IF($I49="",1,0.6),IF($I49=MID(R$1,3,20),0.4,0))) -> 0.6 | S49: =IF($H49="숙박",0,IF($H49=MID(S$1,3,20),IF($I49="",1,0.6),IF($I49=MID(S$1,3,20),0.4,0))) -> 0 | T49: =IF($H49="숙박",0,IF($H49=MID(T$1,3,20),IF($I49="",1,0.6),IF($I49=MID(T$1,3,20),0.4,0))) -> 0.4 | U49: =IF($H49="숙박",0,IF(ISNUMBER(SEARCH("야경",$J49)),1,0)) -> 0 | V49: =IF($H49="숙박",0,1) -> 1
A50: 49 | B50: 장소 마스터 | D50: 마린시티 | E50: Marine City | F50: 부산 영화 기행 | G50: 로컬·먹거리 | H50: 로컬·먹거리 | I50: 해양·자연 | J50: 바다, 야경, 촬영명소 | K50: 중 | M50: Y | N50: 바다 관련 → 보조 해양 | O50: 초고층 주거단지 앞 해안 산책로와 식당가. 광안대교 야경이 정면이다. | P50: =IF($H50="숙박",0,IF($H50=MID(P$1,3,20),IF($I50="",1,0.6),IF($I50=MID(P$1,3,20),0.4,0))) -> 0 | Q50: =IF($H50="숙박",0,IF($H50=MID(Q$1,3,20),IF($I50="",1,0.6),IF($I50=MID(Q$1,3,20),0.4,0))) -> 0 | R50: =IF($H50="숙박",0,IF($H50=MID(R$1,3,20),IF($I50="",1,0.6),IF($I50=MID(R$1,3,20),0.4,0))) -> 0 | S50: =IF($H50="숙박",0,IF($H50=MID(S$1,3,20),IF($I50="",1,0.6),IF($I50=MID(S$1,3,20),0.4,0))) -> 0.6 | T50: =IF($H50="숙박",0,IF($H50=MID(T$1,3,20),IF($I50="",1,0.6),IF($I50=MID(T$1,3,20),0.4,0))) -> 0.4 | U50: =IF($H50="숙박",0,IF(ISNUMBER(SEARCH("야경",$J50)),1,0)) -> 1 | V50: =IF($H50="숙박",0,1) -> 1
A51: 50 | B51: 장소 마스터 | D51: 부산 용두산공원 · 부산타워 | E51: Yongdusan Park & Busan Tower | F51: 부산 영화 기행 | G51: 힐링·생태 | H51: 힐링·생태 | I51: 해양·자연 | J51: 바다, 야경, 촬영명소 | K51: 중 | M51: Y | N51: 바다 관련 → 보조 해양 | O51: 남포동 위 언덕의 공원. 타워에서 항구와 영도가 함께 보인다. | P51: =IF($H51="숙박",0,IF($H51=MID(P$1,3,20),IF($I51="",1,0.6),IF($I51=MID(P$1,3,20),0.4,0))) -> 0 | Q51: =IF($H51="숙박",0,IF($H51=MID(Q$1,3,20),IF($I51="",1,0.6),IF($I51=MID(Q$1,3,20),0.4,0))) -> 0.6 | R51: =IF($H51="숙박",0,IF($H51=MID(R$1,3,20),IF($I51="",1,0.6),IF($I51=MID(R$1,3,20),0.4,0))) -> 0 | S51: =IF($H51="숙박",0,IF($H51=MID(S$1,3,20),IF($I51="",1,0.6),IF($I51=MID(S$1,3,20),0.4,0))) -> 0 | T51: =IF($H51="숙박",0,IF($H51=MID(T$1,3,20),IF($I51="",1,0.6),IF($I51=MID(T$1,3,20),0.4,0))) -> 0.4 | U51: =IF($H51="숙박",0,IF(ISNUMBER(SEARCH("야경",$J51)),1,0)) -> 1 | V51: =IF($H51="숙박",0,1) -> 1
A52: 51 | B52: 장소 마스터 | D52: 블루라인파크 미포정거장 | E52: Blueline Park Mipo Station | F52: 부산 영화 기행 | G52: 테마파크·액티비티 | H52: 테마파크·액티비티 | I52: 해양·자연 | J52: 바다, 촬영명소 | K52: 하 | M52: Y | N52: 바다 관련 → 보조 해양 | O52: 해변열차와 스카이캡슐이 출발하는 정거장. 청사포·송정으로 이어진다. | P52: =IF($H52="숙박",0,IF($H52=MID(P$1,3,20),IF($I52="",1,0.6),IF($I52=MID(P$1,3,20),0.4,0))) -> 0 | Q52: =IF($H52="숙박",0,IF($H52=MID(Q$1,3,20),IF($I52="",1,0.6),IF($I52=MID(Q$1,3,20),0.4,0))) -> 0 | R52: =IF($H52="숙박",0,IF($H52=MID(R$1,3,20),IF($I52="",1,0.6),IF($I52=MID(R$1,3,20),0.4,0))) -> 0.6 | S52: =IF($H52="숙박",0,IF($H52=MID(S$1,3,20),IF($I52="",1,0.6),IF($I52=MID(S$1,3,20),0.4,0))) -> 0 | T52: =IF($H52="숙박",0,IF($H52=MID(T$1,3,20),IF($I52="",1,0.6),IF($I52=MID(T$1,3,20),0.4,0))) -> 0.4 | U52: =IF($H52="숙박",0,IF(ISNUMBER(SEARCH("야경",$J52)),1,0)) -> 0 | V52: =IF($H52="숙박",0,1) -> 1
A53: 52 | B53: 장소 마스터 | D53: 산방산 | E53: Sanbangsan | F53: 제주 K-Drama | G53: 역사·문화 | H53: 역사·문화 | I53: 해양·자연 | J53: 바다, 촬영명소 | K53: 상 | M53: Y | N53: 바다 관련 → 보조 해양 | O53: 바다 옆에 솟은 종상화산. 중턱의 산방굴사까지 계단이 놓여 있다. | P53: =IF($H53="숙박",0,IF($H53=MID(P$1,3,20),IF($I53="",1,0.6),IF($I53=MID(P$1,3,20),0.4,0))) -> 0.6 | Q53: =IF($H53="숙박",0,IF($H53=MID(Q$1,3,20),IF($I53="",1,0.6),IF($I53=MID(Q$1,3,20),0.4,0))) -> 0 | R53: =IF($H53="숙박",0,IF($H53=MID(R$1,3,20),IF($I53="",1,0.6),IF($I53=MID(R$1,3,20),0.4,0))) -> 0 | S53: =IF($H53="숙박",0,IF($H53=MID(S$1,3,20),IF($I53="",1,0.6),IF($I53=MID(S$1,3,20),0.4,0))) -> 0 | T53: =IF($H53="숙박",0,IF($H53=MID(T$1,3,20),IF($I53="",1,0.6),IF($I53=MID(T$1,3,20),0.4,0))) -> 0.4 | U53: =IF($H53="숙박",0,IF(ISNUMBER(SEARCH("야경",$J53)),1,0)) -> 0 | V53: =IF($H53="숙박",0,1) -> 1
... A74: 73 | B74: 테마 파일 (부산 영화 기행) | D74: 흰여울문화마을 | E74: Huinnyeoul Culture Village | F74: 부산 영화 기행 | G74: 힐링·생태 | H74: 힐링·생태 | I74: 해양·자연 | J74: 바다, 촬영명소 | K74: 중 | M74: Y | N74: 바다 관련 → 보조 해양 | O74: 영도 절벽 위로 난 좁은 길. 흰 담과 파란 바다가 붙어 있어 여러 작품이 같은 구도를 반복해 썼다. | P74: =IF($H74="숙박",0,IF($H74=MID(P$1,3,20),IF($I74="",1,0.6),IF($I74=MID(P$1,3,20),0.4,0))) -> 0 | Q74: =IF($H74="숙박",0,IF($H74=MID(Q$1,3,20),IF($I74="",1,0.6),IF($I74=MID(Q$1,3,20),0.4,0))) -> 0.6 | R74: =IF($H74="숙박",0,IF($H74=MID(R$1,3,20),IF($I74="",1,0.6),IF($I74=MID(R$1,3,20),0.4,0))) -> 0 | S74: =IF($H74="숙박",0,IF($H74=MID(S$1,3,20),IF($I74="",1,0.6),IF($I74=MID(S$1,3,20),0.4,0))) -> 0 | T74: =IF($H74="숙박",0,IF($H74=MID(T$1,3,20),IF($I74="",1,0.6),IF($I74=MID(T$1,3,20),0.4,0))) -> 0.4 | U74: =IF($H74="숙박",0,IF(ISNUMBER(SEARCH("야경",$J74)),1,0)) -> 0 | V74: =IF($H74="숙박",0,1) -> 1
A75: 74 | B75: 장소 마스터 | C75: 논산 | D75: 강경 근대역사거리 | E75: Ganggyeong Historic Street | G75: 역사·문화 | H75: 역사·문화 | I75: 해양·자연 | J75: 바다 | K75: 하 | M75: Y | N75: 바다 관련 → 보조 해양 | O75: 금강 포구 시절의 창고와 은행 건물이 남은 거리. | P75: =IF($H75="숙박",0,IF($H75=MID(P$1,3,20),IF($I75="",1,0.6),IF($I75=MID(P$1,3,20),0.4,0))) -> 0.6 | Q75: =IF($H75="숙박",0,IF($H75=MID(Q$1,3,20),IF($I75="",1,0.6),IF($I75=MID(Q$1,3,20),0.4,0))) -> 0 | R75: =IF($H75="숙박",0,IF($H75=MID(R$1,3,20),IF($I75="",1,0.6),IF($I75=MID(R$1,3,20),0.4,0))) -> 0 | S75: =IF($H75="숙박",0,IF($H75=MID(S$1,3,20),IF($I75="",1,0.6),IF($I75=MID(S$1,3,20),0.4,0))) -> 0 | T75: =IF($H75="숙박",0,IF($H75=MID(T$1,3,20),IF($I75="",1,0.6),IF($I75=MID(T$1,3,20),0.4,0))) -> 0.4 | U75: =IF($H75="숙박",0,IF(ISNUMBER(SEARCH("야경",$J75)),1,0)) -> 0 | V75: =IF($H75="숙박",0,1) -> 1
A76: 75 | B76: 장소 마스터 | C76: 통영 | D76: 강구안 | E76: Gangguan | G76: 힐링·생태 | H76: 힐링·생태 | I76: 해양·자연 | J76: 바다 | K76: 중 | M76: Y | N76: 바다 관련 → 보조 해양 | O76: 어선이 드나드는 도심 포구. 거북선 모형이 떠 있다. | P76: =IF($H76="숙박",0,IF($H76=MID(P$1,3,20),IF($I76="",1,0.6),IF($I76=MID(P$1,3,20),0.4,0))) -> 0 | Q76: =IF($H76="숙박",0,IF($H76=MID(Q$1,3,20),IF($I76="",1,0.6),IF($I76=MID(Q$1,3,20),0.4,0))) -> 0.6 | R76: =IF($H76="숙박",0,IF($H76=MID(R$1,3,20),IF($I76="",1,0.6),IF($I76=MID(R$1,3,20),0.4,0))) -> 0 | S76: =IF($H76="숙박",0,IF($H76=MID(S$1,3,20),IF($I76="",1,0.6),IF($I76=MID(S$1,3,20),0.4,0))) -> 0 | T76: =IF($H76="숙박",0,IF($H76=MID(T$1,3,20),IF($I76="",1,0.6),IF($I76=MID(T$1,3,20),0.4,0))) -> 0.4 | U76: =IF($H76="숙박",0,IF(ISNUMBER(SEARCH("야경",$J76)),1,0)) -> 0 | V76: =IF($H76="숙박",0,1) -> 1
A77: 76 | B77: 장소 마스터 | C77: 인천 | D77: 강화 광성보 | E77: Gwangseongbo Fort | G77: 역사·문화 | H77: 역사·문화 | I77: 해양·자연 | J77: 바다 | K77: 중 | M77: Y | N77: 바다 관련 → 보조 해양 | O77: 신미양요의 격전지. 돈대와 성벽이 해안을 따라 남아 있다. | P77: =IF($H77="숙박",0,IF($H77=MID(P$1,3,20),IF($I77="",1,0.6),IF($I77=MID(P$1,3,20),0.4,0))) -> 0.6 | Q77: =IF($H77="숙박",0,IF($H77=MID(Q$1,3,20),IF($I77="",1,0.6),IF($I77=MID(Q$1,3,20),0.4,0))) -> 0 | R77: =IF($H77="숙박",0,IF($H77=MID(R$1,3,20),IF($I77="",1,0.6),IF($I77=MID(R$1,3,20),0.4,0))) -> 0 | S77: =IF($H77="숙박",0,IF($H77=MID(S$1,3,20),IF($I77="",1,0.6),IF($I77=MID(S$1,3,20),0.4,0))) -> 0 | T77: =IF($H77="숙박",0,IF($H77=MID(T$1,3,20),IF($I77="",1,0.6),IF($I77=MID(T$1,3,20),0.4,0))) -> 0.4 | U77: =IF($H77="숙박",0,IF(ISNUMBER(SEARCH("야경",$J77)),1,0)) -> 0 | V77: =IF($H77="숙박",0,1) -> 1
A78: 77 | B78: 장소 마스터 | C78: 강릉 | D78: 경포호 | E78: Gyeongpo Lake | G78: 힐링·생태 | H78: 힐링·생태 | I78: 해양·자연 | J78: 바다 | K78: 중 | M78: Y | N78: 바다 관련 → 보조 해양 | O78: 해변 뒤 석호. 둘레 4.3km 산책로가 돈다. | P78: =IF($H78="숙박",0,IF($H78=MID(P$1,3,20),IF($I78="",1,0.6),IF($I78=MID(P$1,3,20),0.4,0))) -> 0 | Q78: =IF($H78="숙박",0,IF($H78=MID(Q$1,3,20),IF($I78="",1,0.6),IF($I78=MID(Q$1,3,20),0.4,0))) -> 0.6 | R78: =IF($H78="숙박",0,IF($H78=MID(R$1,3,20),IF($I78="",1,0.6),IF($I78=MID(R$1,3,20),0.4,0))) -> 0 | S78: =IF($H78="숙박",0,IF($H78=MID(S$1,3,20),IF($I78="",1,0.6),IF($I78=MID(S$1,3,20),0.4,0))) -> 0 | T78: =IF($H78="숙박",0,IF($H78=MID(T$1,3,20),IF($I78="",1,0.6),IF($I78=MID(T$1,3,20),0.4,0))) -> 0.4 | U78: =IF($H78="숙박",0,IF(ISNUMBER(SEARCH("야경",$J78)),1,0)) -> 0 | V78: =IF($H78="숙박",0,1) -> 1
A79: 78 | B79: 장소 마스터 | D79: 공산성 권역 한옥 | E79: Gongsanseong hanok stays | H79: 역사·문화 | K79: 하 | M79: Y | N79: 원래 분류 없음 → 규칙으로 채움 | P79: =IF($H79="숙박",0,IF($H79=MID(P$1,3,20),IF($I79="",1,0.6),IF($I79=MID(P$1,3,20),0.4,0))) -> 1 | Q79: =IF($H79="숙박",0,IF($H79=MID(Q$1,3,20),IF($I79="",1,0.6),IF($I79=MID(Q$1,3,20),0.4,0))) -> 0 | R79: =IF($H79="숙박",0,IF($H79=MID(R$1,3,20),IF($I79="",1,0.6),IF($I79=MID(R$1,3,20),0.4,0))) -> 0 | S79: =IF($H79="숙박",0,IF($H79=MID(S$1,3,20),IF($I79="",1,0.6),IF($I79=MID(S$1,3,20),0.4,0))) -> 0 | T79: =IF($H79="숙박",0,IF($H79=MID(T$1,3,20),IF($I79="",1,0.6),IF($I79=MID(T$1,3,20),0.4,0))) -> 0 | U79: =IF($H79="숙박",0,IF(ISNUMBER(SEARCH("야경",$J79)),1,0)) -> 0 | V79: =IF($H79="숙박",0,1) -> 1
A80: 79 | B80: 장소 마스터 | D80: 광한루 권역 한옥 | E80: Gwanghallu hanok stays | H80: 역사·문화 | K80: 하 | M80: Y | N80: 원래 분류 없음 → 규칙으로 채움 | P80: =IF($H80="숙박",0,IF($H80=MID(P$1,3,20),IF($I80="",1,0.6),IF($I80=MID(P$1,3,20),0.4,0))) -> 1 | Q80: =IF($H80="숙박",0,IF($H80=MID(Q$1,3,20),IF($I80="",1,0.6),IF($I80=MID(Q$1,3,20),0.4,0))) -> 0 | R80: =IF($H80="숙박",0,IF($H80=MID(R$1,3,20),IF($I80="",1,0.6),IF($I80=MID(R$1,3,20),0.4,0))) -> 0 | S80: =IF($H80="숙박",0,IF($H80=MID(S$1,3,20),IF($I80="",1,0.6),IF($I80=MID(S$1,3,20),0.4,0))) -> 0 | T80: =IF($H80="숙박",0,IF($H80=MID(T$1,3,20),IF($I80="",1,0.6),IF($I80=MID(T$1,3,20),0.4,0))) -> 0 | U80: =IF($H80="숙박",0,IF(ISNUMBER(SEARCH("야경",$J80)),1,0)) -> 0 | V80: =IF($H80="숙박",0,1) -> 1
A81: 80 | B81: 장소 마스터 | C81: 포항 | D81: 구룡포 근대문화역사거리 | E81: Guryongpo Modern History Street | G81: 역사·문화 | H81: 역사·문화 | I81: 해양·자연 | J81: 바다 | K81: 하 | M81: Y | N81: 바다 관련 → 보조 해양 | O81: 일본식 가옥이 남은 항구 거리. | P81: =IF($H81="숙박",0,IF($H81=MID(P$1,3,20),IF($I81="",1,0.6),IF($I81=MID(P$1,3,20),0.4,0))) -> 0.6 | Q81: =IF($H81="숙박",0,IF($H81=MID(Q$1,3,20),IF($I81="",1,0.6),IF($I81=MID(Q$1,3,20),0.4,0))) -> 0 | R81: =IF($H81="숙박",0,IF($H81=MID(R$1,3,20),IF($I81="",1,0.6),IF($I81=MID(R$1,3,20),0.4,0))) -> 0 | S81: =IF($H81="숙박",0,IF($H81=MID(S$1,3,20),IF($I81="",1,0.6),IF($I81=MID(S$1,3,20),0.4,0))) -> 0 | T81: =IF($H81="숙박",0,IF($H81=MID(T$1,3,20),IF($I81="",1,0.6),IF($I81=MID(T$1,3,20),0.4,0))) -> 0.4 | U81: =IF($H81="숙박",0,IF(ISNUMBER(SEARCH("야경",$J81)),1,0)) -> 0 | V81: =IF($H81="숙박",0,1) -> 1
A82: 81 | B82: 장소 마스터 | C82: 거제 | D82: 근포동굴 | E82: Geunpo Cave | G82: 테마파크·액티비티 | H82: 테마파크·액티비티 | I82: 해양·자연 | J82: 바다 | K82: 하 | M82: Y | N82: 바다 관련 → 보조 해양 | O82: 일제강점기에 판 굴. 바다로 난 프레임이 된다. | P82: =IF($H82="숙박",0,IF($H82=MID(P$1,3,20),IF($I82="",1,0.6),IF($I82=MID(P$1,3,20),0.4,0))) -> 0 | Q82: =IF($H82="숙박",0,IF($H82=MID(Q$1,3,20),IF($I82="",1,0.6),IF($I82=MID(Q$1,3,20),0.4,0))) -> 0 | R82: =IF($H82="숙박",0,IF($H82=MID(R$1,3,20),IF($I82="",1,0.6),IF($I82=MID(R$1,3,20),0.4,0))) -> 0.6 | S82: =IF($H82="숙박",0,IF($H82=MID(S$1,3,20),IF($I82="",1,0.6),IF($I82=MID(S$1,3,20),0.4,0))) -> 0 | T82: =IF($H82="숙박",0,IF($H82=MID(T$1,3,20),IF($I82="",1,0.6),IF($I82=MID(T$1,3,20),0.4,0))) -> 0.4 | U82: =IF($H82="숙박",0,IF(ISNUMBER(SEARCH("야경",$J82)),1,0)) -> 0 | V82: =IF($H82="숙박",0,1) -> 1
A83: 82 | B83: 장소 마스터 | C83: 여수 | D83: 금오도 비렁길 | E83: Geumodo Cliff Trail | G83: 힐링·생태 | H83: 힐링·생태 | I83: 해양·자연 | J83: 바다 | K83: 중 | M83: Y | N83: 바다 관련 → 보조 해양 | O83: 벼랑을 따라 이어지는 섬 해안길. | P83: =IF($H83="숙박",0,IF($H83=MID(P$1,3,20),IF($I83="",1,0.6),IF($I83=MID(P$1,3,20),0.4,0))) -> 0 | Q83: =IF($H83="숙박",0,IF($H83=MID(Q$1,3,20),IF($I83="",1,0.6),IF($I83=MID(Q$1,3,20),0.4,0))) -> 0.6 | R83: =IF($H83="숙박",0,IF($H83=MID(R$1,3,20),IF($I83="",1,0.6),IF($I83=MID(R$1,3,20),0.4,0))) -> 0 | S83: =IF($H83="숙박",0,IF($H83=MID(S$1,3,20),IF($I83="",1,0.6),IF($I83=MID(S$1,3,20),0.4,0))) -> 0 | T83: =IF($H83="숙박",0,IF($H83=MID(T$1,3,20),IF($I83="",1,0.6),IF($I83=MID(T$1,3,20),0.4,0))) -> 0.4 | U83: =IF($H83="숙박",0,IF(ISNUMBER(SEARCH("야경",$J83)),1,0)) -> 0 | V83: =IF($H83="숙박",0,1) -> 1
A84: 83 | B84: 장소 마스터 | C84: 하동 | D84: 금오산 짚와이어 | E84: Geumosan Zip Wire | G84: 테마파크·액티비티 | H84: 테마파크·액티비티 | I84: 해양·자연 | J84: 바다 | K84: 하 | M84: Y | N84: 바다 관련 → 보조 해양 | O84: 남해 바다를 보며 내려오는 국내 최장급 짚라인. | P84: =IF($H84="숙박",0,IF($H84=MID(P$1,3,20),IF($I84="",1,0.6),IF($I84=MID(P$1,3,20),0.4,0))) -> 0 | Q84: =IF($H84="숙박",0,IF($H84=MID(Q$1,3,20),IF($I84="",1,0.6),IF($I84=MID(Q$1,3,20),0.4,0))) -> 0 | R84: =IF($H84="숙박",0,IF($H84=MID(R$1,3,20),IF($I84="",1,0.6),IF($I84=MID(R$1,3,20),0.4,0))) -> 0.6 | S84: =IF($H84="숙박",0,IF($H84=MID(S$1,3,20),IF($I84="",1,0.6),IF($I84=MID(S$1,3,20),0.4,0))) -> 0 | T84: =IF($H84="숙박",0,IF($H84=MID(T$1,3,20),IF($I84="",1,0.6),IF($I84=MID(T$1,3,20),0.4,0))) -> 0.4 | U84: =IF($H84="숙박",0,IF(ISNUMBER(SEARCH("야경",$J84)),1,0)) -> 0 | V84: =IF($H84="숙박",0,1) -> 1
A85: 84 | B85: 장소 마스터 | D85: 나리분지 민박 | E85: Nari Basin guesthouses | H85: 힐링·생태 | K85: 중 | M85: Y | N85: 원래 분류 없음 → 규칙으로 채움 | P85: =IF($H85="숙박",0,IF($H85=MID(P$1,3,20),IF($I85="",1,0.6),IF($I85=MID(P$1,3,20),0.4,0))) -> 0 | Q85: =IF($H85="숙박",0,IF($H85=MID(Q$1,3,20),IF($I85="",1,0.6),IF($I85=MID(Q$1,3,20),0.4,0))) -> 1 | R85: =IF($H85="숙박",0,IF($H85=MID(R$1,3,20),IF($I85="",1,0.6),IF($I85=MID(R$1,3,20),0.4,0))) -> 0 | S85: =IF($H85="숙박",0,IF($H85=MID(S$1,3,20),IF($I85="",1,0.6),IF($I85=MID(S$1,3,20),0.4,0))) -> 0 | T85: =IF($H85="숙박",0,IF($H85=MID(T$1,3,20),IF($I85="",1,0.6),IF($I85=MID(T$1,3,20),0.4,0))) -> 0 | U85: =IF($H85="숙박",0,IF(ISNUMBER(SEARCH("야경",$J85)),1,0)) -> 0 | V85: =IF($H85="숙박",0,1) -> 1
A86: 85 | B86: 장소 마스터 | C86: 춘천 | D86: 남이섬 | E86: Nami Island | G86: 힐링·생태 | H86: 힐링·생태 | I86: 해양·자연 | J86: 바다 | K86: 중 | M86: Y | N86: 바다 관련 → 보조 해양 | O86: 메타세쿼이아 길로 알려진 강 위의 섬. | P86: =IF($H86="숙박",0,IF($H86=MID(P$1,3,20),IF($I86="",1,0.6),IF($I86=MID(P$1,3,20),0.4,0))) -> 0 | Q86: =IF($H86="숙박",0,IF($H86=MID(Q$1,3,20),IF($I86="",1,0.6),IF($I86=MID(Q$1,3,20),0.4,0))) -> 0.6 | R86: =IF($H86="숙박",0,IF($H86=MID(R$1,3,20),IF($I86="",1,0.6),IF($I86=MID(R$1,3,20),0.4,0))) -> 0 | S86: =IF($H86="숙박",0,IF($H86=MID(S$1,3,20),IF($I86="",1,0.6),IF($I86=MID(S$1,3,20),0.4,0))) -> 0 | T86: =IF($H86="숙박",0,IF($H86=MID(T$1,3,20),IF($I86="",1,0.6),IF($I86=MID(T$1,3,20),0.4,0))) -> 0.4 | U86: =IF($H86="숙박",0,IF(ISNUMBER(SEARCH("야경",$J86)),1,0)) -> 0 | V86: =IF($H86="숙박",0,1) -> 1
A87: 86 | B87: 장소 마스터 | C87: 남해 | D87: 남해 독일마을 | E87: Namhae German Village | G87: 테마파크·액티비티 | H87: 테마파크·액티비티 | I87: 해양·자연 | J87: 바다 | K87: 중 | M87: Y | N87: 바다 관련 → 보조 해양 | O87: 파독 광부·간호사가 돌아와 이룬 마을. 붉은 지붕이 바다를 본다. | P87: =IF($H87="숙박",0,IF($H87=MID(P$1,3,20),IF($I87="",1,0.6),IF($I87=MID(P$1,3,20),0.4,0))) -> 0 | Q87: =IF($H87="숙박",0,IF($H87=MID(Q$1,3,20),IF($I87="",1,0.6),IF($I87=MID(Q$1,3,20),0.4,0))) -> 0 | R87: =IF($H87="숙박",0,IF($H87=MID(R$1,3,20),IF($I87="",1,0.6),IF($I87=MID(R$1,3,20),0.4,0))) -> 0.6 | S87: =IF($H87="숙박",0,IF($H87=MID(S$1,3,20),IF($I87="",1,0.6),IF($I87=MID(S$1,3,20),0.4,0))) -> 0 | T87: =IF($H87="숙박",0,IF($H87=MID(T$1,3,20),IF($I87="",1,0.6),IF($I87=MID(T$1,3,20),0.4,0))) -> 0.4 | U87: =IF($H87="숙박",0,IF(ISNUMBER(SEARCH("야경",$J87)),1,0)) -> 0 | V87: =IF($H87="숙박",0,1) -> 1
A88: 87 | B88: 장소 마스터 | C88: 남해 | D88: 남해 바래길 | E88: Namhae Barae-gil Trail | G88: 힐링·생태 | H88: 힐링·생태 | I88: 해양·자연 | J88: 바다 | K88: 중 | M88: Y | N88: 바다 관련 → 보조 해양 | O88: 갯벌로 나가던 옛 길을 이은 해안 도보길. | P88: =IF($H88="숙박",0,IF($H88=MID(P$1,3,20),IF($I88="",1,0.6),IF($I88=MID(P$1,3,20),0.4,0))) -> 0 | Q88: =IF($H88="숙박",0,IF($H88=MID(Q$1,3,20),IF($I88="",1,0.6),IF($I88=MID(Q$1,3,20),0.4,0))) -> 0.6 | R88: =IF($H88="숙박",0,IF($H88=MID(R$1,3,20),IF($I88="",1,0.6),IF($I88=MID(R$1,3,20),0.4,0))) -> 0 | S88: =IF($H88="숙박",0,IF($H88=MID(S$1,3,20),IF($I88="",1,0.6),IF($I88=MID(S$1,3,20),0.4,0))) -> 0 | T88: =IF($H88="숙박",0,IF($H88=MID(T$1,3,20),IF($I88="",1,0.6),IF($I88=MID(T$1,3,20),0.4,0))) -> 0.4 | U88: =IF($H88="숙박",0,IF(ISNUMBER(SEARCH("야경",$J88)),1,0)) -> 0 | V88: =IF($H88="숙박",0,1) -> 1
A89: 88 | B89: 장소 마스터 | C89: 여수 | D89: 낭만포차거리 | E89: Nangman Pojang Street | G89: 로컬·먹거리 | H89: 로컬·먹거리 | I89: 해양·자연 | J89: 바다, 야경 | K89: 하 | M89: Y | N89: 바다 관련 → 보조 해양 | O89: 밤바다를 따라 늘어선 포장마차 거리. | P89: =IF($H89="숙박",0,IF($H89=MID(P$1,3,20),IF($I89="",1,0.6),IF($I89=MID(P$1,3,20),0.4,0))) -> 0 | Q89: =IF($H89="숙박",0,IF($H89=MID(Q$1,3,20),IF($I89="",1,0.6),IF($I89=MID(Q$1,3,20),0.4,0))) -> 0 | R89: =IF($H89="숙박",0,IF($H89=MID(R$1,3,20),IF($I89="",1,0.6),IF($I89=MID(R$1,3,20),0.4,0))) -> 0 | S89: =IF($H89="숙박",0,IF($H89=MID(S$1,3,20),IF($I89="",1,0.6),IF($I89=MID(S$1,3,20),0.4,0))) -> 0.6 | T89: =IF($H89="숙박",0,IF($H89=MID(T$1,3,20),IF($I89="",1,0.6),IF($I89=MID(T$1,3,20),0.4,0))) -> 0.4 | U89: =IF($H89="숙박",0,IF(ISNUMBER(SEARCH("야경",$J89)),1,0)) -> 1 | V89: =IF($H89="숙박",0,1) -> 1
A90: 89 | B90: 장소 마스터 | C90: 창원 | D90: 마산어시장 | E90: Masan Fish Market | G90: 로컬·먹거리 | H90: 로컬·먹거리 | I90: 해양·자연 | J90: 바다 | K90: 하 | M90: Y | N90: 바다 관련 → 보조 해양 | O90: 아귀찜과 활어로 알려진 항구 시장. | P90: =IF($H90="숙박",0,IF($H90=MID(P$1,3,20),IF($I90="",1,0.6),IF($I90=MID(P$1,3,20),0.4,0))) -> 0 | Q90: =IF($H90="숙박",0,IF($H90=MID(Q$1,3,20),IF($I90="",1,0.6),IF($I90=MID(Q$1,3,20),0.4,0))) -> 0 | R90: =IF($H90="숙박",0,IF($H90=MID(R$1,3,20),IF($I90="",1,0.6),IF($I90=MID(R$1,3,20),0.4,0))) -> 0 | S90: =IF($H90="숙박",0,IF($H90=MID(S$1,3,20),IF($I90="",1,0.6),IF($I90=MID(S$1,3,20),0.4,0))) -> 0.6 | T90: =IF($H90="숙박",0,IF($H90=MID(T$1,3,20),IF($I90="",1,0.6),IF($I90=MID(T$1,3,20),0.4,0))) -> 0.4 | U90: =IF($H90="숙박",0,IF(ISNUMBER(SEARCH("야경",$J90)),1,0)) -> 0 | V90: =IF($H90="숙박",0,1) -> 1
A91: 90 | B91: 장소 마스터 | D91: 망상해변 한옥마을 | E91: Mangsang Beach hanok village | H91: 해양·자연 | I91: 역사·문화 | J91: 바다 | K91: 중 | M91: Y | N91: 원래 분류 없음 → 규칙으로 채움; 키워드로 보조 지정 | P91: =IF($H91="숙박",0,IF($H91=MID(P$1,3,20),IF($I91="",1,0.6),IF($I91=MID(P$1,3,20),0.4,0))) -> 0.4 | Q91: =IF($H91="숙박",0,IF($H91=MID(Q$1,3,20),IF($I91="",1,0.6),IF($I91=MID(Q$1,3,20),0.4,0))) -> 0 | R91: =IF($H91="숙박",0,IF($H91=MID(R$1,3,20),IF($I91="",1,0.6),IF($I91=MID(R$1,3,20),0.4,0))) -> 0 | S91: =IF($H91="숙박",0,IF($H91=MID(S$1,3,20),IF($I91="",1,0.6),IF($I91=MID(S$1,3,20),0.4,0))) -> 0 | T91: =IF($H91="숙박",0,IF($H91=MID(T$1,3,20),IF($I91="",1,0.6),IF($I91=MID(T$1,3,20),0.4,0))) -> 0.6 | U91: =IF($H91="숙박",0,IF(ISNUMBER(SEARCH("야경",$J91)),1,0)) -> 0 | V91: =IF($H91="숙박",0,1) -> 1
A92: 91 | B92: 장소 마스터 | C92: 목포 | D92: 목포 항구포차 | E92: Mokpo Harbour Food Carts | G92: 로컬·먹거리 | H92: 로컬·먹거리 | I92: 해양·자연 | J92: 바다, 야경 | K92: 하 | M92: Y | N92: 바다 관련 → 보조 해양 | O92: 항구를 따라 늘어선 밤 포차 거리. | P92: =IF($H92="숙박",0,IF($H92=MID(P$1,3,20),IF($I92="",1,0.6),IF($I92=MID(P$1,3,20),0.4,0))) -> 0 | Q92: =IF($H92="숙박",0,IF($H92=MID(Q$1,3,20),IF($I92="",1,0.6),IF($I92=MID(Q$1,3,20),0.4,0))) -> 0 | R92: =IF($H92="숙박",0,IF($H92=MID(R$1,3,20),IF($I92="",1,0.6),IF($I92=MID(R$1,3,20),0.4,0))) -> 0 | S92: =IF($H92="숙박",0,IF($H92=MID(S$1,3,20),IF($I92="",1,0.6),IF($I92=MID(S$1,3,20),0.4,0))) -> 0.6 | T92: =IF($H92="숙박",0,IF($H92=MID(T$1,3,20),IF($I92="",1,0.6),IF($I92=MID(T$1,3,20),0.4,0))) -> 0.4 | U92: =IF($H92="숙박",0,IF(ISNUMBER(SEARCH("야경",$J92)),1,0)) -> 1 | V92: =IF($H92="숙박",0,1) -> 1
A93: 92 | B93: 장소 마스터 | C93: 남해 | D93: 물건리 방조어부림 | E93: Mulgeon-ri Windbreak Forest | G93: 힐링·생태 | H93: 힐링·생태 | I93: 해양·자연 | J93: 바다 | K93: 중 | M93: Y | N93: 바다 관련 → 보조 해양 | O93: 바닷바람을 막으려 400년 전 심은 해안 숲. | P93: =IF($H93="숙박",0,IF($H93=MID(P$1,3,20),IF($I93="",1,0.6),IF($I93=MID(P$1,3,20),0.4,0))) -> 0 | Q93: =IF($H93="숙박",0,IF($H93=MID(Q$1,3,20),IF($I93="",1,0.6),IF($I93=MID(Q$1,3,20),0.4,0))) -> 0.6 | R93: =IF($H93="숙박",0,IF($H93=MID(R$1,3,20),IF($I93="",1,0.6),IF($I93=MID(R$1,3,20),0.4,0))) -> 0 | S93: =IF($H93="숙박",0,IF($H93=MID(S$1,3,20),IF($I93="",1,0.6),IF($I93=MID(S$1,3,20),0.4,0))) -> 0 | T93: =IF($H93="숙박",0,IF($H93=MID(T$1,3,20),IF($I93="",1,0.6),IF($I93=MID(T$1,3,20),0.4,0))) -> 0.4 | U93: =IF($H93="숙박",0,IF(ISNUMBER(SEARCH("야경",$J93)),1,0)) -> 0 | V93: =IF($H93="숙박",0,1) -> 1
A94: 93 | B94: 장소 마스터 | C94: 통영 | D94: 미륵산 정상 전망대 | E94: Mireuksan Summit Lookout | G94: 힐링·생태 | H94: 힐링·생태 | I94: 해양·자연 | J94: 바다 | K94: 상 | M94: Y | N94: 바다 관련 → 보조 해양 | O94: 한려수도의 섬들이 한눈에 들어오는 봉우리. | P94: =IF($H94="숙박",0,IF($H94=MID(P$1,3,20),IF($I94="",1,0.6),IF($I94=MID(P$1,3,20),0.4,0))) -> 0 | Q94: =IF($H94="숙박",0,IF($H94=MID(Q$1,3,20),IF($I94="",1,0.6),IF($I94=MID(Q$1,3,20),0.4,0))) -> 0.6 | R94: =IF($H94="숙박",0,IF($H94=MID(R$1,3,20),IF($I94="",1,0.6),IF($I94=MID(R$1,3,20),0.4,0))) -> 0 | S94: =IF($H94="숙박",0,IF($H94=MID(S$1,3,20),IF($I94="",1,0.6),IF($I94=MID(S$1,3,20),0.4,0))) -> 0 | T94: =IF($H94="숙박",0,IF($H94=MID(T$1,3,20),IF($I94="",1,0.6),IF($I94=MID(T$1,3,20),0.4,0))) -> 0.4 | U94: =IF($H94="숙박",0,IF(ISNUMBER(SEARCH("야경",$J94)),1,0)) -> 0 | V94: =IF($H94="숙박",0,1) -> 1
A95: 94 | B95: 장소 마스터 | C95: 남해 | D95: 보리암 | E95: Boriam Hermitage | G95: 역사·문화 | H95: 역사·문화 | I95: 해양·자연 | J95: 바다 | K95: 하 | M95: Y | N95: 바다 관련 → 보조 해양 | O95: 금산 정상 아래 암자. 남해 바다가 펼쳐진다. | P95: =IF($H95="숙박",0,IF($H95=MID(P$1,3,20),IF($I95="",1,0.6),IF($I95=MID(P$1,3,20),0.4,0))) -> 0.6 | Q95: =IF($H95="숙박",0,IF($H95=MID(Q$1,3,20),IF($I95="",1,0.6),IF($I95=MID(Q$1,3,20),0.4,0))) -> 0 | R95: =IF($H95="숙박",0,IF($H95=MID(R$1,3,20),IF($I95="",1,0.6),IF($I95=MID(R$1,3,20),0.4,0))) -> 0 | S95: =IF($H95="숙박",0,IF($H95=MID(S$1,3,20),IF($I95="",1,0.6),IF($I95=MID(S$1,3,20),0.4,0))) -> 0 | T95: =IF($H95="숙박",0,IF($H95=MID(T$1,3,20),IF($I95="",1,0.6),IF($I95=MID(T$1,3,20),0.4,0))) -> 0.4 | U95: =IF($H95="숙박",0,IF(ISNUMBER(SEARCH("야경",$J95)),1,0)) -> 0 | V95: =IF($H95="숙박",0,1) -> 1
A96: 95 | B96: 장소 마스터 | C96: 통영 | D96: 사량도 | E96: Saryangdo | G96: 힐링·생태 | H96: 힐링·생태 | I96: 해양·자연 | J96: 바다 | K96: 중 | M96: Y | N96: 바다 관련 → 보조 해양 | O96: 지리산 능선 종주로 알려진 섬. | P96: =IF($H96="숙박",0,IF($H96=MID(P$1,3,20),IF($I96="",1,0.6),IF($I96=MID(P$1,3,20),0.4,0))) -> 0 | Q96: =IF($H96="숙박",0,IF($H96=MID(Q$1,3,20),IF($I96="",1,0.6),IF($I96=MID(Q$1,3,20),0.4,0))) -> 0.6 | R96: =IF($H96="숙박",0,IF($H96=MID(R$1,3,20),IF($I96="",1,0.6),IF($I96=MID(R$1,3,20),0.4,0))) -> 0 | S96: =IF($H96="숙박",0,IF($H96=MID(S$1,3,20),IF($I96="",1,0.6),IF($I96=MID(S$1,3,20),0.4,0))) -> 0 | T96: =IF($H96="숙박",0,IF($H96=MID(T$1,3,20),IF($I96="",1,0.6),IF($I96=MID(T$1,3,20),0.4,0))) -> 0.4 | U96: =IF($H96="숙박",0,IF(ISNUMBER(SEARCH("야경",$J96)),1,0)) -> 0 | V96: =IF($H96="숙박",0,1) -> 1
A97: 96 | B97: 장소 마스터 | C97: 목포 | D97: 삼학도 | E97: Samhakdo | G97: 힐링·생태 | H97: 힐링·생태 | I97: 해양·자연 | J97: 바다, 실내 | K97: 중 | M97: Y | N97: 바다 관련 → 보조 해양 | O97: 김대중노벨평화상기념관이 있는 섬 공원. | P97: =IF($H97="숙박",0,IF($H97=MID(P$1,3,20),IF($I97="",1,0.6),IF($I97=MID(P$1,3,20),0.4,0))) -> 0 | Q97: =IF($H97="숙박",0,IF($H97=MID(Q$1,3,20),IF($I97="",1,0.6),IF($I97=MID(Q$1,3,20),0.4,0))) -> 0.6 | R97: =IF($H97="숙박",0,IF($H97=MID(R$1,3,20),IF($I97="",1,0.6),IF($I97=MID(R$1,3,20),0.4,0))) -> 0 | S97: =IF($H97="숙박",0,IF($H97=MID(S$1,3,20),IF($I97="",1,0.6),IF($I97=MID(S$1,3,20),0.4,0))) -> 0 | T97: =IF($H97="숙박",0,IF($H97=MID(T$1,3,20),IF($I97="",1,0.6),IF($I97=MID(T$1,3,20),0.4,0))) -> 0.4 | U97: =IF($H97="숙박",0,IF(ISNUMBER(SEARCH("야경",$J97)),1,0)) -> 0 | V97: =IF($H97="숙박",0,1) -> 1
A98: 97 | B98: 장소 마스터 | C98: 울산 | D98: 서생포왜성 | E98: Seosaengpo Japanese Fortress | G98: 역사·문화 | H98: 역사·문화 | I98: 해양·자연 | J98: 바다 | K98: 중 | M98: Y | N98: 바다 관련 → 보조 해양 | O98: 임진왜란 때 쌓은 해안 성곽. | P98: =IF($H98="숙박",0,IF($H98=MID(P$1,3,20),IF($I98="",1,0.6),IF($I98=MID(P$1,3,20),0.4,0))) -> 0.6 | Q98: =IF($H98="숙박",0,IF($H98=MID(Q$1,3,20),IF($I98="",1,0.6),IF($I98=MID(Q$1,3,20),0.4,0))) -> 0 | R98: =IF($H98="숙박",0,IF($H98=MID(R$1,3,20),IF($I98="",1,0.6),IF($I98=MID(R$1,3,20),0.4,0))) -> 0 | S98: =IF($H98="숙박",0,IF($H98=MID(S$1,3,20),IF($I98="",1,0.6),IF($I98=MID(S$1,3,20),0.4,0))) -> 0 | T98: =IF($H98="숙박",0,IF($H98=MID(T$1,3,20),IF($I98="",1,0.6),IF($I98=MID(T$1,3,20),0.4,0))) -> 0.4 | U98: =IF($H98="숙박",0,IF(ISNUMBER(SEARCH("야경",$J98)),1,0)) -> 0 | V98: =IF($H98="숙박",0,1) -> 1
A99: 98 | B99: 장소 마스터 | C99: 인천 | D99: 석모도 미네랄온천 | E99: Seongmodo Mineral Spa | G99: 힐링·생태 | H99: 힐링·생태 | I99: 해양·자연 | J99: 바다 | K99: 중 | M99: Y | N99: 바다 관련 → 보조 해양 | O99: 바다를 보며 몸을 담그는 노천 온천. | P99: =IF($H99="숙박",0,IF($H99=MID(P$1,3,20),IF($I99="",1,0.6),IF($I99=MID(P$1,3,20),0.4,0))) -> 0 | Q99: =IF($H99="숙박",0,IF($H99=MID(Q$1,3,20),IF($I99="",1,0.6),IF($I99=MID(Q$1,3,20),0.4,0))) -> 0.6 | R99: =IF($H99="숙박",0,IF($H99=MID(R$1,3,20),IF($I99="",1,0.6),IF($I99=MID(R$1,3,20),0.4,0))) -> 0 | S99: =IF($H99="숙박",0,IF($H99=MID(S$1,3,20),IF($I99="",1,0.6),IF($I99=MID(S$1,3,20),0.4,0))) -> 0 | T99: =IF($H99="숙박",0,IF($H99=MID(T$1,3,20),IF($I99="",1,0.6),IF($I99=MID(T$1,3,20),0.4,0))) -> 0.4 | U99: =IF($H99="숙박",0,IF(ISNUMBER(SEARCH("야경",$J99)),1,0)) -> 0 | V99: =IF($H99="숙박",0,1) -> 1
A100: 99 | B100: 장소 마스터 | C100: 울릉 | D100: 성인봉 | E100: Seonginbong Peak | G100: 힐링·생태 | H100: 힐링·생태 | I100: 해양·자연 | J100: 바다 | K100: 상 | M100: Y | N100: 바다 관련 → 보조 해양 | O100: 섬 한가운데 솟은 최고봉, 원시림을 지나 오른다. | P100: =IF($H100="숙박",0,IF($H100=MID(P$1,3,20),IF($I100="",1,0.6),IF($I100=MID(P$1,3,20),0.4,0))) -> 0 | Q100: =IF($H100="숙박",0,IF($H100=MID(Q$1,3,20),IF($I100="",1,0.6),IF($I100=MID(Q$1,3,20),0.4,0))) -> 0.6 | R100: =IF($H100="숙박",0,IF($H100=MID(R$1,3,20),IF($I100="",1,0.6),IF($I100=MID(R$1,3,20),0.4,0))) -> 0 | S100: =IF($H100="숙박",0,IF($H100=MID(S$1,3,20),IF($I100="",1,0.6),IF($I100=MID(S$1,3,20),0.4,0))) -> 0 | T100: =IF($H100="숙박",0,IF($H100=MID(T$1,3,20),IF($I100="",1,0.6),IF($I100=MID(T$1,3,20),0.4,0))) -> 0.4 | U100: =IF($H100="숙박",0,IF(ISNUMBER(SEARCH("야경",$J100)),1,0)) -> 0 | V100: =IF($H100="숙박",0,1) -> 1
A101: 100 | B101: 장소 마스터 | C101: 서울 | D101: 세빛섬 | E101: Some Sevit | G101: 테마파크·액티비티 | H101: 테마파크·액티비티 | I101: 해양·자연 | J101: 바다 | K101: 중 | M101: Y | N101: 바다 관련 → 보조 해양 | O101: 반포한강공원의 인공섬 문화시설. | P101: =IF($H101="숙박",0,IF($H101=MID(P$1,3,20),IF($I101="",1,0.6),IF($I101=MID(P$1,3,20),0.4,0))) -> 0 | Q101: =IF($H101="숙박",0,IF($H101=MID(Q$1,3,20),IF($I101="",1,0.6),IF($I101=MID(Q$1,3,20),0.4,0))) -> 0 | R101: =IF($H101="숙박",0,IF($H101=MID(R$1,3,20),IF($I101="",1,0.6),IF($I101=MID(R$1,3,20),0.4,0))) -> 0.6 | S101: =IF($H101="숙박",0,IF($H101=MID(S$1,3,20),IF($I101="",1,0.6),IF($I101=MID(S$1,3,20),0.4,0))) -> 0 | T101: =IF($H101="숙박",0,IF($H101=MID(T$1,3,20),IF($I101="",1,0.6),IF($I101=MID(T$1,3,20),0.4,0))) -> 0.4 | U101: =IF($H101="숙박",0,IF(ISNUMBER(SEARCH("야경",$J101)),1,0)) -> 0 | V101: =IF($H101="숙박",0,1) -> 1
A102: 101 | B102: 장소 마스터 | C102: 세종 | D102: 세종호수공원 | E102: Sejong Lake Park | G102: 힐링·생태 | H102: 힐링·생태 | I102: 해양·자연 | J102: 바다 | K102: 중 | M102: Y | N102: 바다 관련 → 보조 해양 | O102: 국내 최대 인공호수 공원. 수상무대섬이 있다. | P102: =IF($H102="숙박",0,IF($H102=MID(P$1,3,20),IF($I102="",1,0.6),IF($I102=MID(P$1,3,20),0.4,0))) -> 0 | Q102: =IF($H102="숙박",0,IF($H102=MID(Q$1,3,20),IF($I102="",1,0.6),IF($I102=MID(Q$1,3,20),0.4,0))) -> 0.6 | R102: =IF($H102="숙박",0,IF($H102=MID(R$1,3,20),IF($I102="",1,0.6),IF($I102=MID(R$1,3,20),0.4,0))) -> 0 | S102: =IF($H102="숙박",0,IF($H102=MID(S$1,3,20),IF($I102="",1,0.6),IF($I102=MID(S$1,3,20),0.4,0))) -> 0 | T102: =IF($H102="숙박",0,IF($H102=MID(T$1,3,20),IF($I102="",1,0.6),IF($I102=MID(T$1,3,20),0.4,0))) -> 0.4 | U102: =IF($H102="숙박",0,IF(ISNUMBER(SEARCH("야경",$J102)),1,0)) -> 0 | V102: =IF($H102="숙박",0,1) -> 1
A103: 102 | B103: 장소 마스터 | C103: 부산 | D103: 아난티 코브 | E103: Ananti Cove | G103: 힐링·생태 | H103: 힐링·생태 | I103: 해양·자연 | J103: 바다 | K103: 중 | M103: Y | N103: 바다 관련 → 보조 해양 | O103: 해안 절벽에 선 리조트와 서점·온천. | P103: =IF($H103="숙박",0,IF($H103=MID(P$1,3,20),IF($I103="",1,0.6),IF($I103=MID(P$1,3,20),0.4,0))) -> 0 | Q103: =IF($H103="숙박",0,IF($H103=MID(Q$1,3,20),IF($I103="",1,0.6),IF($I103=MID(Q$1,3,20),0.4,0))) -> 0.6 | R103: =IF($H103="숙박",0,IF($H103=MID(R$1,3,20),IF($I103="",1,0.6),IF($I103=MID(R$1,3,20),0.4,0))) -> 0 | S103: =IF($H103="숙박",0,IF($H103=MID(S$1,3,20),IF($I103="",1,0.6),IF($I103=MID(S$1,3,20),0.4,0))) -> 0 | T103: =IF($H103="숙박",0,IF($H103=MID(T$1,3,20),IF($I103="",1,0.6),IF($I103=MID(T$1,3,20),0.4,0))) -> 0.4 | U103: =IF($H103="숙박",0,IF(ISNUMBER(SEARCH("야경",$J103)),1,0)) -> 0 | V103: =IF($H103="숙박",0,1) -> 1
... A129: 128 | B129: 장소 마스터 | C129: 포항 | D129: 환호공원 | E129: Hwanho Park | G129: 힐링·생태 | H129: 힐링·생태 | I129: 해양·자연 | J129: 바다 | K129: 중 | M129: Y | N129: 바다 관련 → 보조 해양 | O129: 스페이스워크가 놓인 바다 전망 언덕 공원. | P129: =IF($H129="숙박",0,IF($H129=MID(P$1,3,20),IF($I129="",1,0.6),IF($I129=MID(P$1,3,20),0.4,0))) -> 0 | Q129: =IF($H129="숙박",0,IF($H129=MID(Q$1,3,20),IF($I129="",1,0.6),IF($I129=MID(Q$1,3,20),0.4,0))) -> 0.6 | R129: =IF($H129="숙박",0,IF($H129=MID(R$1,3,20),IF($I129="",1,0.6),IF($I129=MID(R$1,3,20),0.4,0))) -> 0 | S129: =IF($H129="숙박",0,IF($H129=MID(S$1,3,20),IF($I129="",1,0.6),IF($I129=MID(S$1,3,20),0.4,0))) -> 0 | T129: =IF($H129="숙박",0,IF($H129=MID(T$1,3,20),IF($I129="",1,0.6),IF($I129=MID(T$1,3,20),0.4,0))) -> 0.4 | U129: =IF($H129="숙박",0,IF(ISNUMBER(SEARCH("야경",$J129)),1,0)) -> 0 | V129: =IF($H129="숙박",0,1) -> 1
A130: 129 | B130: 장소 마스터 | D130: 1100고지 습지 | E130: 1100 Highland Wetland | F130: 제주 K-Drama | G130: 힐링·생태 | H130: 힐링·생태 | J130: 촬영명소 | K130: 중 | O130: 람사르 습지로 등록된 고지대 늪. 겨울에 눈이 가장 먼저 쌓인다. | P130: =IF($H130="숙박",0,IF($H130=MID(P$1,3,20),IF($I130="",1,0.6),IF($I130=MID(P$1,3,20),0.4,0))) -> 0 | Q130: =IF($H130="숙박",0,IF($H130=MID(Q$1,3,20),IF($I130="",1,0.6),IF($I130=MID(Q$1,3,20),0.4,0))) -> 1 | R130: =IF($H130="숙박",0,IF($H130=MID(R$1,3,20),IF($I130="",1,0.6),IF($I130=MID(R$1,3,20),0.4,0))) -> 0 | S130: =IF($H130="숙박",0,IF($H130=MID(S$1,3,20),IF($I130="",1,0.6),IF($I130=MID(S$1,3,20),0.4,0))) -> 0 | T130: =IF($H130="숙박",0,IF($H130=MID(T$1,3,20),IF($I130="",1,0.6),IF($I130=MID(T$1,3,20),0.4,0))) -> 0 | U130: =IF($H130="숙박",0,IF(ISNUMBER(SEARCH("야경",$J130)),1,0)) -> 0 | V130: =IF($H130="숙박",0,1) -> 1
A131: 130 | B131: 장소 마스터 | D131: 63빌딩 | E131: 63 Building | F131: 케이팝 데몬 헌터스 | G131: 테마파크·액티비티 | H131: 테마파크·액티비티 | I131: 힐링·생태 | J131: 촬영명소 | K131: 하 | N131: 키워드로 보조 지정 | O131: 한강변 금빛 고층 건물. 60층 전망대에서 서울 서남부가 내려다보인다. | P131: =IF($H131="숙박",0,IF($H131=MID(P$1,3,20),IF($I131="",1,0.6),IF($I131=MID(P$1,3,20),0.4,0))) -> 0 | Q131: =IF($H131="숙박",0,IF($H131=MID(Q$1,3,20),IF($I131="",1,0.6),IF($I131=MID(Q$1,3,20),0.4,0))) -> 0.4 | R131: =IF($H131="숙박",0,IF($H131=MID(R$1,3,20),IF($I131="",1,0.6),IF($I131=MID(R$1,3,20),0.4,0))) -> 0.6 | S131: =IF($H131="숙박",0,IF($H131=MID(S$1,3,20),IF($I131="",1,0.6),IF($I131=MID(S$1,3,20),0.4,0))) -> 0 | T131: =IF($H131="숙박",0,IF($H131=MID(T$1,3,20),IF($I131="",1,0.6),IF($I131=MID(T$1,3,20),0.4,0))) -> 0 | U131: =IF($H131="숙박",0,IF(ISNUMBER(SEARCH("야경",$J131)),1,0)) -> 0 | V131: =IF($H131="숙박",0,1) -> 1
A132: 131 | B132: 테마 파일 (케이팝 데몬 헌터스) | D132: K-POP SQUARE (삼성역 전광판) | E132: K-POP SQUARE Media | F132: 케이팝 데몬 헌터스 | G132: 테마파크·액티비티 | H132: 테마파크·액티비티 | J132: 촬영명소 | K132: 하 | O132: 코엑스 외벽의 대형 곡면 전광판. 도시 전체가 화면이 되는 장면의 출발점으로, 삼성역 6번 출구 앞 광장에서 정면으로 본다. | P132: =IF($H132="숙박",0,IF($H132=MID(P$1,3,20),IF($I132="",1,0.6),IF($I132=MID(P$1,3,20),0.4,0))) -> 0 | Q132: =IF($H132="숙박",0,IF($H132=MID(Q$1,3,20),IF($I132="",1,0.6),IF($I132=MID(Q$1,3,20),0.4,0))) -> 0 | R132: =IF($H132="숙박",0,IF($H132=MID(R$1,3,20),IF($I132="",1,0.6),IF($I132=MID(R$1,3,20),0.4,0))) -> 1 | S132: =IF($H132="숙박",0,IF($H132=MID(S$1,3,20),IF($I132="",1,0.6),IF($I132=MID(S$1,3,20),0.4,0))) -> 0 | T132: =IF($H132="숙박",0,IF($H132=MID(T$1,3,20),IF($I132="",1,0.6),IF($I132=MID(T$1,3,20),0.4,0))) -> 0 | U132: =IF($H132="숙박",0,IF(ISNUMBER(SEARCH("야경",$J132)),1,0)) -> 0 | V132: =IF($H132="숙박",0,1) -> 1
A133: 132 | B133: 장소 마스터 | D133: K-스타로드 | E133: K-Star Road | F133: 케이팝 데몬 헌터스 | G133: 테마파크·액티비티 | H133: 테마파크·액티비티 | J133: 촬영명소 | K133: 하 | O133: 압구정에서 청담으로 이어지는 한류 거리. 아이돌 그룹별 곰 조형물이 놓여 있다. | P133: =IF($H133="숙박",0,IF($H133=MID(P$1,3,20),IF($I133="",1,0.6),IF($I133=MID(P$1,3,20),0.4,0))) -> 0 | Q133: =IF($H133="숙박",0,IF($H133=MID(Q$1,3,20),IF($I133="",1,0.6),IF($I133=MID(Q$1,3,20),0.4,0))) -> 0 | R133: =IF($H133="숙박",0,IF($H133=MID(R$1,3,20),IF($I133="",1,0.6),IF($I133=MID(R$1,3,20),0.4,0))) -> 1 | S133: =IF($H133="숙박",0,IF($H133=MID(S$1,3,20),IF($I133="",1,0.6),IF($I133=MID(S$1,3,20),0.4,0))) -> 0 | T133: =IF($H133="숙박",0,IF($H133=MID(T$1,3,20),IF($I133="",1,0.6),IF($I133=MID(T$1,3,20),0.4,0))) -> 0 | U133: =IF($H133="숙박",0,IF(ISNUMBER(SEARCH("야경",$J133)),1,0)) -> 0 | V133: =IF($H133="숙박",0,1) -> 1
A134: 133 | B134: 장소 마스터 | D134: 가락시장 | E134: Garak Market | F134: 케이팝 데몬 헌터스 | G134: 로컬·먹거리 | H134: 로컬·먹거리 | J134: 촬영명소 | K134: 하 | O134: 국내 최대 농수산물 도매시장. 새벽 경매와 수산동 식당가가 볼거리다. | P134: =IF($H134="숙박",0,IF($H134=MID(P$1,3,20),IF($I134="",1,0.6),IF($I134=MID(P$1,3,20),0.4,0))) -> 0 | Q134: =IF($H134="숙박",0,IF($H134=MID(Q$1,3,20),IF($I134="",1,0.6),IF($I134=MID(Q$1,3,20),0.4,0))) -> 0 | R134: =IF($H134="숙박",0,IF($H134=MID(R$1,3,20),IF($I134="",1,0.6),IF($I134=MID(R$1,3,20),0.4,0))) -> 0 | S134: =IF($H134="숙박",0,IF($H134=MID(S$1,3,20),IF($I134="",1,0.6),IF($I134=MID(S$1,3,20),0.4,0))) -> 1 | T134: =IF($H134="숙박",0,IF($H134=MID(T$1,3,20),IF($I134="",1,0.6),IF($I134=MID(T$1,3,20),0.4,0))) -> 0 | U134: =IF($H134="숙박",0,IF(ISNUMBER(SEARCH("야경",$J134)),1,0)) -> 0 | V134: =IF($H134="숙박",0,1) -> 1
A135: 134 | B135: 장소 마스터 | D135: 가로수길 | E135: Garosu-gil | F135: 케이팝 데몬 헌터스 | G135: 로컬·먹거리 | H135: 로컬·먹거리 | J135: 촬영명소 | K135: 중 | O135: 신사동 은행나무 가로수 상권. 강남 쪽 카페 코스의 기준점이다. | P135: =IF($H135="숙박",0,IF($H135=MID(P$1,3,20),IF($I135="",1,0.6),IF($I135=MID(P$1,3,20),0.4,0))) -> 0 | Q135: =IF($H135="숙박",0,IF($H135=MID(Q$1,3,20),IF($I135="",1,0.6),IF($I135=MID(Q$1,3,20),0.4,0))) -> 0 | R135: =IF($H135="숙박",0,IF($H135=MID(R$1,3,20),IF($I135="",1,0.6),IF($I135=MID(R$1,3,20),0.4,0))) -> 0 | S135: =IF($H135="숙박",0,IF($H135=MID(S$1,3,20),IF($I135="",1,0.6),IF($I135=MID(S$1,3,20),0.4,0))) -> 1 | T135: =IF($H135="숙박",0,IF($H135=MID(T$1,3,20),IF($I135="",1,0.6),IF($I135=MID(T$1,3,20),0.4,0))) -> 0 | U135: =IF($H135="숙박",0,IF(ISNUMBER(SEARCH("야경",$J135)),1,0)) -> 0 | V135: =IF($H135="숙박",0,1) -> 1
A136: 135 | B136: 장소 마스터 | D136: 감은사지 | E136: Gameunsa Temple Site | F136: RESCENE Route | G136: 역사·문화 | H136: 역사·문화 | J136: 촬영명소 | K136: 하 | O136: 문무왕을 기려 세운 절터. 동서 삼층석탑 둘이 나란히 남아 있다. | P136: =IF($H136="숙박",0,IF($H136=MID(P$1,3,20),IF($I136="",1,0.6),IF($I136=MID(P$1,3,20),0.4,0))) -> 1 | Q136: =IF($H136="숙박",0,IF($H136=MID(Q$1,3,20),IF($I136="",1,0.6),IF($I136=MID(Q$1,3,20),0.4,0))) -> 0 | R136: =IF($H136="숙박",0,IF($H136=MID(R$1,3,20),IF($I136="",1,0.6),IF($I136=MID(R$1,3,20),0.4,0))) -> 0 | S136: =IF($H136="숙박",0,IF($H136=MID(S$1,3,20),IF($I136="",1,0.6),IF($I136=MID(S$1,3,20),0.4,0))) -> 0 | T136: =IF($H136="숙박",0,IF($H136=MID(T$1,3,20),IF($I136="",1,0.6),IF($I136=MID(T$1,3,20),0.4,0))) -> 0 | U136: =IF($H136="숙박",0,IF(ISNUMBER(SEARCH("야경",$J136)),1,0)) -> 0 | V136: =IF($H136="숙박",0,1) -> 1
A137: 136 | B137: 테마 파일 (부산 영화 기행) | D137: 감천문화마을 | E137: Gamcheon Culture Village | F137: 부산 영화 기행 | G137: 역사·문화 | H137: 역사·문화 | I137: 로컬·먹거리 | J137: 촬영명소 | K137: 중 | N137: 키워드로 보조 지정 | O137: 산비탈을 따라 계단식으로 들어선 마을. 한국전쟁 피난민이 세운 집들이 그대로 남아 색을 입었고, 좁은 골목과 계단이 영화·드라마의 단골 배경이 됐다. 주민이 사는 곳이라 정숙 구역이 지정돼 있다. | P137: =IF($H137="숙박",0,IF($H137=MID(P$1,3,20),IF($I137="",1,0.6),IF($I137=MID(P$1,3,20),0.4,0))) -> 0.6 | Q137: =IF($H137="숙박",0,IF($H137=MID(Q$1,3,20),IF($I137="",1,0.6),IF($I137=MID(Q$1,3,20),0.4,0))) -> 0 | R137: =IF($H137="숙박",0,IF($H137=MID(R$1,3,20),IF($I137="",1,0.6),IF($I137=MID(R$1,3,20),0.4,0))) -> 0 | S137: =IF($H137="숙박",0,IF($H137=MID(S$1,3,20),IF($I137="",1,0.6),IF($I137=MID(S$1,3,20),0.4,0))) -> 0.4 | T137: =IF($H137="숙박",0,IF($H137=MID(T$1,3,20),IF($I137="",1,0.6),IF($I137=MID(T$1,3,20),0.4,0))) -> 0 | U137: =IF($H137="숙박",0,IF(ISNUMBER(SEARCH("야경",$J137)),1,0)) -> 0 | V137: =IF($H137="숙박",0,1) -> 1
A138: 137 | B138: 장소 마스터 | D138: 감포항 | E138: Gampo Port | F138: RESCENE Route | G138: 로컬·먹거리 | H138: 로컬·먹거리 | I138: 해양·자연 | J138: 바다, 촬영명소 | K138: 중 | N138: 바다 관련 → 보조 해양 | O138: 동해안 어항. 공설시장과 해상공원이 붙어 있어 회와 물회를 먹고 걷는다. | P138: =IF($H138="숙박",0,IF($H138=MID(P$1,3,20),IF($I138="",1,0.6),IF($I138=MID(P$1,3,20),0.4,0))) -> 0 | Q138: =IF($H138="숙박",0,IF($H138=MID(Q$1,3,20),IF($I138="",1,0.6),IF($I138=MID(Q$1,3,20),0.4,0))) -> 0 | R138: =IF($H138="숙박",0,IF($H138=MID(R$1,3,20),IF($I138="",1,0.6),IF($I138=MID(R$1,3,20),0.4,0))) -> 0 | S138: =IF($H138="숙박",0,IF($H138=MID(S$1,3,20),IF($I138="",1,0.6),IF($I138=MID(S$1,3,20),0.4,0))) -> 0.6 | T138: =IF($H138="숙박",0,IF($H138=MID(T$1,3,20),IF($I138="",1,0.6),IF($I138=MID(T$1,3,20),0.4,0))) -> 0.4 | U138: =IF($H138="숙박",0,IF(ISNUMBER(SEARCH("야경",$J138)),1,0)) -> 0 | V138: =IF($H138="숙박",0,1) -> 1
A139: 138 | B139: 장소 마스터 | D139: 강남역 일대 | E139: Gangnam Station Area | F139: 케이팝 데몬 헌터스 | G139: 로컬·먹거리 | H139: 로컬·먹거리 | J139: 야경, 촬영명소 | K139: 하 | O139: 대형 상권과 지하상가가 붙어 있는 구역. 밤늦게까지 사람이 많다. | P139: =IF($H139="숙박",0,IF($H139=MID(P$1,3,20),IF($I139="",1,0.6),IF($I139=MID(P$1,3,20),0.4,0))) -> 0 | Q139: =IF($H139="숙박",0,IF($H139=MID(Q$1,3,20),IF($I139="",1,0.6),IF($I139=MID(Q$1,3,20),0.4,0))) -> 0 | R139: =IF($H139="숙박",0,IF($H139=MID(R$1,3,20),IF($I139="",1,0.6),IF($I139=MID(R$1,3,20),0.4,0))) -> 0 | S139: =IF($H139="숙박",0,IF($H139=MID(S$1,3,20),IF($I139="",1,0.6),IF($I139=MID(S$1,3,20),0.4,0))) -> 1 | T139: =IF($H139="숙박",0,IF($H139=MID(T$1,3,20),IF($I139="",1,0.6),IF($I139=MID(T$1,3,20),0.4,0))) -> 0 | U139: =IF($H139="숙박",0,IF(ISNUMBER(SEARCH("야경",$J139)),1,0)) -> 1 | V139: =IF($H139="숙박",0,1) -> 1
A140: 139 | B140: 테마 파일 (RESCENE Route) | D140: 거제 고현시장 | E140: Gohyeon Market | F140: RESCENE Route | G140: 로컬·먹거리 | H140: 로컬·먹거리 | J140: 촬영명소 | K140: 하 | O140: 영상 속 원이가 추천하는 \ | P140: =IF($H140="숙박",0,IF($H140=MID(P$1,3,20),IF($I140="",1,0.6),IF($I140=MID(P$1,3,20),0.4,0))) -> 0 | Q140: =IF($H140="숙박",0,IF($H140=MID(Q$1,3,20),IF($I140="",1,0.6),IF($I140=MID(Q$1,3,20),0.4,0))) -> 0 | R140: =IF($H140="숙박",0,IF($H140=MID(R$1,3,20),IF($I140="",1,0.6),IF($I140=MID(R$1,3,20),0.4,0))) -> 0 | S140: =IF($H140="숙박",0,IF($H140=MID(S$1,3,20),IF($I140="",1,0.6),IF($I140=MID(S$1,3,20),0.4,0))) -> 1 | T140: =IF($H140="숙박",0,IF($H140=MID(T$1,3,20),IF($I140="",1,0.6),IF($I140=MID(T$1,3,20),0.4,0))) -> 0 | U140: =IF($H140="숙박",0,IF(ISNUMBER(SEARCH("야경",$J140)),1,0)) -> 0 | V140: =IF($H140="숙박",0,1) -> 1
A141: 140 | B141: 테마 파일 (RESCENE Route) | D141: 거제 전통 양곱창 전골 | E141: Geoje Gopchang Hot Pot | F141: RESCENE Route | G141: 로컬·먹거리 | H141: 로컬·먹거리 | J141: 촬영명소 | K141: 하 | O141: 저녁 장사만 한다. 고현 상권에서 도보 이동 가능. | P141: =IF($H141="숙박",0,IF($H141=MID(P$1,3,20),IF($I141="",1,0.6),IF($I141=MID(P$1,3,20),0.4,0))) -> 0 | Q141: =IF($H141="숙박",0,IF($H141=MID(Q$1,3,20),IF($I141="",1,0.6),IF($I141=MID(Q$1,3,20),0.4,0))) -> 0 | R141: =IF($H141="숙박",0,IF($H141=MID(R$1,3,20),IF($I141="",1,0.6),IF($I141=MID(R$1,3,20),0.4,0))) -> 0 | S141: =IF($H141="숙박",0,IF($H141=MID(S$1,3,20),IF($I141="",1,0.6),IF($I141=MID(S$1,3,20),0.4,0))) -> 1 | T141: =IF($H141="숙박",0,IF($H141=MID(T$1,3,20),IF($I141="",1,0.6),IF($I141=MID(T$1,3,20),0.4,0))) -> 0 | U141: =IF($H141="숙박",0,IF(ISNUMBER(SEARCH("야경",$J141)),1,0)) -> 0 | V141: =IF($H141="숙박",0,1) -> 1
A142: 141 | B142: 테마 파일 (RESCENE Route) | D142: 거제 파노라마 케이블카 | E142: Geoje Panorama Cable Car | F142: RESCENE Route | G142: 힐링·생태 | H142: 힐링·생태 | I142: 테마파크·액티비티 | J142: 촬영명소 | K142: 중 | N142: 키워드로 보조 지정 | O142: 노자산 상부에서 다도해 전경. 크리스탈 캐빈은 별도 요금. | P142: =IF($H142="숙박",0,IF($H142=MID(P$1,3,20),IF($I142="",1,0.6),IF($I142=MID(P$1,3,20),0.4,0))) -> 0 | Q142: =IF($H142="숙박",0,IF($H142=MID(Q$1,3,20),IF($I142="",1,0.6),IF($I142=MID(Q$1,3,20),0.4,0))) -> 0.6 | R142: =IF($H142="숙박",0,IF($H142=MID(R$1,3,20),IF($I142="",1,0.6),IF($I142=MID(R$1,3,20),0.4,0))) -> 0.4 | S142: =IF($H142="숙박",0,IF($H142=MID(S$1,3,20),IF($I142="",1,0.6),IF($I142=MID(S$1,3,20),0.4,0))) -> 0 | T142: =IF($H142="숙박",0,IF($H142=MID(T$1,3,20),IF($I142="",1,0.6),IF($I142=MID(T$1,3,20),0.4,0))) -> 0 | U142: =IF($H142="숙박",0,IF(ISNUMBER(SEARCH("야경",$J142)),1,0)) -> 0 | V142: =IF($H142="숙박",0,1) -> 1
A143: 142 | B143: 장소 마스터 | D143: 거제 포로수용소 유적공원 | E143: Geoje POW Camp Park | F143: RESCENE Route | G143: 역사·문화 | H143: 역사·문화 | I143: 힐링·생태 | J143: 실내, 촬영명소 | K143: 중 | N143: 키워드로 보조 지정 | O143: 한국전쟁 당시 포로 17만 명이 수용된 자리. 잔존 건물과 전시관, 모노레일이 함께 있다. | P143: =IF($H143="숙박",0,IF($H143=MID(P$1,3,20),IF($I143="",1,0.6),IF($I143=MID(P$1,3,20),0.4,0))) -> 0.6 | Q143: =IF($H143="숙박",0,IF($H143=MID(Q$1,3,20),IF($I143="",1,0.6),IF($I143=MID(Q$1,3,20),0.4,0))) -> 0.4 | R143: =IF($H143="숙박",0,IF($H143=MID(R$1,3,20),IF($I143="",1,0.6),IF($I143=MID(R$1,3,20),0.4,0))) -> 0 | S143: =IF($H143="숙박",0,IF($H143=MID(S$1,3,20),IF($I143="",1,0.6),IF($I143=MID(S$1,3,20),0.4,0))) -> 0 | T143: =IF($H143="숙박",0,IF($H143=MID(T$1,3,20),IF($I143="",1,0.6),IF($I143=MID(T$1,3,20),0.4,0))) -> 0 | U143: =IF($H143="숙박",0,IF(ISNUMBER(SEARCH("야경",$J143)),1,0)) -> 0 | V143: =IF($H143="숙박",0,1) -> 1
A144: 143 | B144: 테마 파일 (RESCENE Route) | D144: 거제식물원 | E144: Geoje Botanic Garden | F144: RESCENE Route | G144: 힐링·생태 | H144: 힐링·생태 | J144: 촬영명소 | K144: 중 | O144: 유리 돔 정글. 비 오는 날 대체 코스 1순위. | P144: =IF($H144="숙박",0,IF($H144=MID(P$1,3,20),IF($I144="",1,0.6),IF($I144=MID(P$1,3,20),0.4,0))) -> 0 | Q144: =IF($H144="숙박",0,IF($H144=MID(Q$1,3,20),IF($I144="",1,0.6),IF($I144=MID(Q$1,3,20),0.4,0))) -> 1 | R144: =IF($H144="숙박",0,IF($H144=MID(R$1,3,20),IF($I144="",1,0.6),IF($I144=MID(R$1,3,20),0.4,0))) -> 0 | S144: =IF($H144="숙박",0,IF($H144=MID(S$1,3,20),IF($I144="",1,0.6),IF($I144=MID(S$1,3,20),0.4,0))) -> 0 | T144: =IF($H144="숙박",0,IF($H144=MID(T$1,3,20),IF($I144="",1,0.6),IF($I144=MID(T$1,3,20),0.4,0))) -> 0 | U144: =IF($H144="숙박",0,IF(ISNUMBER(SEARCH("야경",$J144)),1,0)) -> 0 | V144: =IF($H144="숙박",0,1) -> 1
A145: 144 | B145: 장소 마스터 | D145: 건대입구 거리 | E145: Konkuk Univ. Stn. Street | F145: 케이팝 데몬 헌터스 | G145: 로컬·먹거리 | H145: 로컬·먹거리 | J145: 촬영명소 | K145: 중 | O145: 건대입구역 2·7호선 출구에서 이어지는 먹자골목과 로데오거리. 늦게까지 문을 여는 가게가 많다. | P145: =IF($H145="숙박",0,IF($H145=MID(P$1,3,20),IF($I145="",1,0.6),IF($I145=MID(P$1,3,20),0.4,0))) -> 0 | Q145: =IF($H145="숙박",0,IF($H145=MID(Q$1,3,20),IF($I145="",1,0.6),IF($I145=MID(Q$1,3,20),0.4,0))) -> 0 | R145: =IF($H145="숙박",0,IF($H145=MID(R$1,3,20),IF($I145="",1,0.6),IF($I145=MID(R$1,3,20),0.4,0))) -> 0 | S145: =IF($H145="숙박",0,IF($H145=MID(S$1,3,20),IF($I145="",1,0.6),IF($I145=MID(S$1,3,20),0.4,0))) -> 1 | T145: =IF($H145="숙박",0,IF($H145=MID(T$1,3,20),IF($I145="",1,0.6),IF($I145=MID(T$1,3,20),0.4,0))) -> 0 | U145: =IF($H145="숙박",0,IF(ISNUMBER(SEARCH("야경",$J145)),1,0)) -> 0 | V145: =IF($H145="숙박",0,1) -> 1
A146: 145 | B146: 장소 마스터 | D146: 경동시장 | E146: Gyeongdong Market | F146: 케이팝 데몬 헌터스 | G146: 로컬·먹거리 | H146: 로컬·먹거리 | J146: 촬영명소 | K146: 하 | O146: 한약재와 제철 농산물을 파는 큰 재래시장. 옛 극장을 고친 카페가 안쪽에 있다. | P146: =IF($H146="숙박",0,IF($H146=MID(P$1,3,20),IF($I146="",1,0.6),IF($I146=MID(P$1,3,20),0.4,0))) -> 0 | Q146: =IF($H146="숙박",0,IF($H146=MID(Q$1,3,20),IF($I146="",1,0.6),IF($I146=MID(Q$1,3,20),0.4,0))) -> 0 | R146: =IF($H146="숙박",0,IF($H146=MID(R$1,3,20),IF($I146="",1,0.6),IF($I146=MID(R$1,3,20),0.4,0))) -> 0 | S146: =IF($H146="숙박",0,IF($H146=MID(S$1,3,20),IF($I146="",1,0.6),IF($I146=MID(S$1,3,20),0.4,0))) -> 1 | T146: =IF($H146="숙박",0,IF($H146=MID(T$1,3,20),IF($I146="",1,0.6),IF($I146=MID(T$1,3,20),0.4,0))) -> 0 | U146: =IF($H146="숙박",0,IF(ISNUMBER(SEARCH("야경",$J146)),1,0)) -> 0 | V146: =IF($H146="숙박",0,1) -> 1
A147: 146 | B147: 장소 마스터 | D147: 경리단길 | E147: Gyeongnidan-gil | F147: 케이팝 데몬 헌터스 | G147: 로컬·먹거리 | H147: 로컬·먹거리 | J147: 촬영명소 | K147: 중 | O147: 남산 남쪽 사면의 경사진 상권. 국적이 섞인 식당이 많다. | P147: =IF($H147="숙박",0,IF($H147=MID(P$1,3,20),IF($I147="",1,0.6),IF($I147=MID(P$1,3,20),0.4,0))) -> 0 | Q147: =IF($H147="숙박",0,IF($H147=MID(Q$1,3,20),IF($I147="",1,0.6),IF($I147=MID(Q$1,3,20),0.4,0))) -> 0 | R147: =IF($H147="숙박",0,IF($H147=MID(R$1,3,20),IF($I147="",1,0.6),IF($I147=MID(R$1,3,20),0.4,0))) -> 0 | S147: =IF($H147="숙박",0,IF($H147=MID(S$1,3,20),IF($I147="",1,0.6),IF($I147=MID(S$1,3,20),0.4,0))) -> 1 | T147: =IF($H147="숙박",0,IF($H147=MID(T$1,3,20),IF($I147="",1,0.6),IF($I147=MID(T$1,3,20),0.4,0))) -> 0 | U147: =IF($H147="숙박",0,IF(ISNUMBER(SEARCH("야경",$J147)),1,0)) -> 0 | V147: =IF($H147="숙박",0,1) -> 1
A148: 147 | B148: 테마 파일 (케이팝 데몬 헌터스) | D148: 경복궁 | E148: Gyeongbokgung Palace | F148: 케이팝 데몬 헌터스 | G148: 역사·문화 | H148: 역사·문화 | J148: 촬영명소 | K148: 하 | O148: 궁의 지붕선과 단청이 작품의 전통 모티프 전반에 깔려 있다. 한복을 입으면 입장이 무료다. | P148: =IF($H148="숙박",0,IF($H148=MID(P$1,3,20),IF($I148="",1,0.6),IF($I148=MID(P$1,3,20),0.4,0))) -> 1 | Q148: =IF($H148="숙박",0,IF($H148=MID(Q$1,3,20),IF($I148="",1,0.6),IF($I148=MID(Q$1,3,20),0.4,0))) -> 0 | R148: =IF($H148="숙박",0,IF($H148=MID(R$1,3,20),IF($I148="",1,0.6),IF($I148=MID(R$1,3,20),0.4,0))) -> 0 | S148: =IF($H148="숙박",0,IF($H148=MID(S$1,3,20),IF($I148="",1,0.6),IF($I148=MID(S$1,3,20),0.4,0))) -> 0 | T148: =IF($H148="숙박",0,IF($H148=MID(T$1,3,20),IF($I148="",1,0.6),IF($I148=MID(T$1,3,20),0.4,0))) -> 0 | U148: =IF($H148="숙박",0,IF(ISNUMBER(SEARCH("야경",$J148)),1,0)) -> 0 | V148: =IF($H148="숙박",0,1) -> 1
A149: 148 | B149: 장소 마스터 | D149: 경주 동궁원 | E149: Gyeongju Donggungwon | F149: RESCENE Route | G149: 테마파크·액티비티 | H149: 테마파크·액티비티 | I149: 역사·문화 | J149: 실내, 촬영명소 | K149: 하 | N149: 키워드로 보조 지정 | O149: 신라 동궁 정원을 모티브로 지은 식물원과 버드파크. 실내라 비 오는 날 대안이 된다. | P149: =IF($H149="숙박",0,IF($H149=MID(P$1,3,20),IF($I149="",1,0.6),IF($I149=MID(P$1,3,20),0.4,0))) -> 0.4 | Q149: =IF($H149="숙박",0,IF($H149=MID(Q$1,3,20),IF($I149="",1,0.6),IF($I149=MID(Q$1,3,20),0.4,0))) -> 0 | R149: =IF($H149="숙박",0,IF($H149=MID(R$1,3,20),IF($I149="",1,0.6),IF($I149=MID(R$1,3,20),0.4,0))) -> 0.6 | S149: =IF($H149="숙박",0,IF($H149=MID(S$1,3,20),IF($I149="",1,0.6),IF($I149=MID(S$1,3,20),0.4,0))) -> 0 | T149: =IF($H149="숙박",0,IF($H149=MID(T$1,3,20),IF($I149="",1,0.6),IF($I149=MID(T$1,3,20),0.4,0))) -> 0 | U149: =IF($H149="숙박",0,IF(ISNUMBER(SEARCH("야경",$J149)),1,0)) -> 0 | V149: =IF($H149="숙박",0,1) -> 1
A150: 149 | B150: 테마 파일 (RESCENE Route) | D150: 경주 라원(미디어아트) | E150: Gyeongju Rawon Media Art | F150: RESCENE Route | G150: 테마파크·액티비티 | H150: 테마파크·액티비티 | J150: 실내, 촬영명소 | K150: 하 | O150: 실내 미디어아트 전시. 마지막 곡 퍼포먼스 배경으로 쓰인 몰입형 홀이 있다. | P150: =IF($H150="숙박",0,IF($H150=MID(P$1,3,20),IF($I150="",1,0.6),IF($I150=MID(P$1,3,20),0.4,0))) -> 0 | Q150: =IF($H150="숙박",0,IF($H150=MID(Q$1,3,20),IF($I150="",1,0.6),IF($I150=MID(Q$1,3,20),0.4,0))) -> 0 | R150: =IF($H150="숙박",0,IF($H150=MID(R$1,3,20),IF($I150="",1,0.6),IF($I150=MID(R$1,3,20),0.4,0))) -> 1 | S150: =IF($H150="숙박",0,IF($H150=MID(S$1,3,20),IF($I150="",1,0.6),IF($I150=MID(S$1,3,20),0.4,0))) -> 0 | T150: =IF($H150="숙박",0,IF($H150=MID(T$1,3,20),IF($I150="",1,0.6),IF($I150=MID(T$1,3,20),0.4,0))) -> 0 | U150: =IF($H150="숙박",0,IF(ISNUMBER(SEARCH("야경",$J150)),1,0)) -> 0 | V150: =IF($H150="숙박",0,1) -> 1
A151: 150 | B151: 장소 마스터 | D151: 경주 양남 주상절리 | E151: Yangnam Columnar Joints | F151: RESCENE Route | G151: 해양·자연 | H151: 해양·자연 | J151: 바다, 촬영명소 | K151: 중 | O151: 부채꼴로 누운 주상절리. 국내에서 드문 수평 배열로 천연기념물이다. | P151: =IF($H151="숙박",0,IF($H151=MID(P$1,3,20),IF($I151="",1,0.6),IF($I151=MID(P$1,3,20),0.4,0))) -> 0 | Q151: =IF($H151="숙박",0,IF($H151=MID(Q$1,3,20),IF($I151="",1,0.6),IF($I151=MID(Q$1,3,20),0.4,0))) -> 0 | R151: =IF($H151="숙박",0,IF($H151=MID(R$1,3,20),IF($I151="",1,0.6),IF($I151=MID(R$1,3,20),0.4,0))) -> 0 | S151: =IF($H151="숙박",0,IF($H151=MID(S$1,3,20),IF($I151="",1,0.6),IF($I151=MID(S$1,3,20),0.4,0))) -> 0 | T151: =IF($H151="숙박",0,IF($H151=MID(T$1,3,20),IF($I151="",1,0.6),IF($I151=MID(T$1,3,20),0.4,0))) -> 1 | U151: =IF($H151="숙박",0,IF(ISNUMBER(SEARCH("야경",$J151)),1,0)) -> 0 | V151: =IF($H151="숙박",0,1) -> 1
A152: 151 | B152: 장소 마스터 | D152: 경주 엑스포대공원 | E152: Gyeongju Expo Park | F152: RESCENE Route | G152: 테마파크·액티비티 | H152: 테마파크·액티비티 | I152: 힐링·생태 | J152: 야경, 실내, 촬영명소 | K152: 중 | N152: 키워드로 보조 지정 | O152: 경주타워와 솔거미술관이 있는 대형 공원. 보문단지 동쪽 끝에 붙어 있다. | P152: =IF($H152="숙박",0,IF($H152=MID(P$1,3,20),IF($I152="",1,0.6),IF($I152=MID(P$1,3,20),0.4,0))) -> 0 | Q152: =IF($H152="숙박",0,IF($H152=MID(Q$1,3,20),IF($I152="",1,0.6),IF($I152=MID(Q$1,3,20),0.4,0))) -> 0.4 | R152: =IF($H152="숙박",0,IF($H152=MID(R$1,3,20),IF($I152="",1,0.6),IF($I152=MID(R$1,3,20),0.4,0))) -> 0.6 | S152: =IF($H152="숙박",0,IF($H152=MID(S$1,3,20),IF($I152="",1,0.6),IF($I152=MID(S$1,3,20),0.4,0))) -> 0 | T152: =IF($H152="숙박",0,IF($H152=MID(T$1,3,20),IF($I152="",1,0.6),IF($I152=MID(T$1,3,20),0.4,0))) -> 0 | U152: =IF($H152="숙박",0,IF(ISNUMBER(SEARCH("야경",$J152)),1,0)) -> 1 | V152: =IF($H152="숙박",0,1) -> 1
A153: 152 | B153: 장소 마스터 | D153: 경주 최부자댁 | E153: Choi Family House | F153: RESCENE Route | G153: 역사·문화 | H153: 역사·문화 | J153: 촬영명소 | K153: 하 | O153: 12대 300년을 이어온 경주 최씨 종가. 사랑채와 곳간이 남아 조선 후기 만석꾼의 살림 규모를 보여준다. | P153: =IF($H153="숙박",0,IF($H153=MID(P$1,3,20),IF($I153="",1,0.6),IF($I153=MID(P$1,3,20),0.4,0))) -> 1 | Q153: =IF($H153="숙박",0,IF($H153=MID(Q$1,3,20),IF($I153="",1,0.6),IF($I153=MID(Q$1,3,20),0.4,0))) -> 0 | R153: =IF($H153="숙박",0,IF($H153=MID(R$1,3,20),IF($I153="",1,0.6),IF($I153=MID(R$1,3,20),0.4,0))) -> 0 | S153: =IF($H153="숙박",0,IF($H153=MID(S$1,3,20),IF($I153="",1,0.6),IF($I153=MID(S$1,3,20),0.4,0))) -> 0 | T153: =IF($H153="숙박",0,IF($H153=MID(T$1,3,20),IF($I153="",1,0.6),IF($I153=MID(T$1,3,20),0.4,0))) -> 0 | U153: =IF($H153="숙박",0,IF(ISNUMBER(SEARCH("야경",$J153)),1,0)) -> 0 | V153: =IF($H153="숙박",0,1) -> 1
A154: 153 | B154: 테마 파일 (RESCENE Route) | D154: 경주월드 | E154: Gyeongju World | F154: RESCENE Route | G154: 테마파크·액티비티 | H154: 테마파크·액티비티 | I154: 역사·문화 | J154: 촬영명소 | K154: 하 | N154: 키워드로 보조 지정 | O154: 드라켄 탑승 리액션 편의 촬영지. 오후 늦게 대기줄이 가장 짧다. | P154: =IF($H154="숙박",0,IF($H154=MID(P$1,3,20),IF($I154="",1,0.6),IF($I154=MID(P$1,3,20),0.4,0))) -> 0.4 | Q154: =IF($H154="숙박",0,IF($H154=MID(Q$1,3,20),IF($I154="",1,0.6),IF($I154=MID(Q$1,3,20),0.4,0))) -> 0 | R154: =IF($H154="숙박",0,IF($H154=MID(R$1,3,20),IF($I154="",1,0.6),IF($I154=MID(R$1,3,20),0.4,0))) -> 0.6 | S154: =IF($H154="숙박",0,IF($H154=MID(S$1,3,20),IF($I154="",1,0.6),IF($I154=MID(S$1,3,20),0.4,0))) -> 0 | T154: =IF($H154="숙박",0,IF($H154=MID(T$1,3,20),IF($I154="",1,0.6),IF($I154=MID(T$1,3,20),0.4,0))) -> 0 | U154: =IF($H154="숙박",0,IF(ISNUMBER(SEARCH("야경",$J154)),1,0)) -> 0 | V154: =IF($H154="숙박",0,1) -> 1
A155: 154 | B155: 장소 마스터 | D155: 경희궁 | E155: Gyeonghuigung Palace | F155: 케이팝 데몬 헌터스 | G155: 역사·문화 | H155: 역사·문화 | J155: 촬영명소 | K155: 하 | O155: 서쪽 궁궐로 불린 조선 이궁. 숭정전 일원이 복원돼 있고 입장료가 없다. | P155: =IF($H155="숙박",0,IF($H155=MID(P$1,3,20),IF($I155="",1,0.6),IF($I155=MID(P$1,3,20),0.4,0))) -> 1 | Q155: =IF($H155="숙박",0,IF($H155=MID(Q$1,3,20),IF($I155="",1,0.6),IF($I155=MID(Q$1,3,20),0.4,0))) -> 0 | R155: =IF($H155="숙박",0,IF($H155=MID(R$1,3,20),IF($I155="",1,0.6),IF($I155=MID(R$1,3,20),0.4,0))) -> 0 | S155: =IF($H155="숙박",0,IF($H155=MID(S$1,3,20),IF($I155="",1,0.6),IF($I155=MID(S$1,3,20),0.4,0))) -> 0 | T155: =IF($H155="숙박",0,IF($H155=MID(T$1,3,20),IF($I155="",1,0.6),IF($I155=MID(T$1,3,20),0.4,0))) -> 0 | U155: =IF($H155="숙박",0,IF(ISNUMBER(SEARCH("야경",$J155)),1,0)) -> 0 | V155: =IF($H155="숙박",0,1) -> 1
A156: 155 | B156: 장소 마스터 | D156: 계림 | E156: Gyerim Forest | F156: RESCENE Route | G156: 힐링·생태 | H156: 힐링·생태 | I156: 역사·문화 | J156: 촬영명소 | K156: 중 | N156: 키워드로 보조 지정 | O156: 신라 김씨 시조 김알지의 탄생지로 전하는 숲. 늙은 회화나무와 느티나무가 월성과 첨성대 사이를 잇는다. | P156: =IF($H156="숙박",0,IF($H156=MID(P$1,3,20),IF($I156="",1,0.6),IF($I156=MID(P$1,3,20),0.4,0))) -> 0.4 | Q156: =IF($H156="숙박",0,IF($H156=MID(Q$1,3,20),IF($I156="",1,0.6),IF($I156=MID(Q$1,3,20),0.4,0))) -> 0.6 | R156: =IF($H156="숙박",0,IF($H156=MID(R$1,3,20),IF($I156="",1,0.6),IF($I156=MID(R$1,3,20),0.4,0))) -> 0 | S156: =IF($H156="숙박",0,IF($H156=MID(S$1,3,20),IF($I156="",1,0.6),IF($I156=MID(S$1,3,20),0.4,0))) -> 0 | T156: =IF($H156="숙박",0,IF($H156=MID(T$1,3,20),IF($I156="",1,0.6),IF($I156=MID(T$1,3,20),0.4,0))) -> 0 | U156: =IF($H156="숙박",0,IF(ISNUMBER(SEARCH("야경",$J156)),1,0)) -> 0 | V156: =IF($H156="숙박",0,1) -> 1
A157: 156 | B157: 장소 마스터 | D157: 고씨굴 | E157: Gossigul Cave | F157: 왕과 사는 남자 | G157: 힐링·생태 | H157: 힐링·생태 | J157: 촬영명소 | K157: 중 | O157: 임진왜란 때 고씨 일가가 숨었다는 석회암 동굴. 내부 620m 구간이 개방돼 있다. | P157: =IF($H157="숙박",0,IF($H157=MID(P$1,3,20),IF($I157="",1,0.6),IF($I157=MID(P$1,3,20),0.4,0))) -> 0 | Q157: =IF($H157="숙박",0,IF($H157=MID(Q$1,3,20),IF($I157="",1,0.6),IF($I157=MID(Q$1,3,20),0.4,0))) -> 1 | R157: =IF($H157="숙박",0,IF($H157=MID(R$1,3,20),IF($I157="",1,0.6),IF($I157=MID(R$1,3,20),0.4,0))) -> 0 | S157: =IF($H157="숙박",0,IF($H157=MID(S$1,3,20),IF($I157="",1,0.6),IF($I157=MID(S$1,3,20),0.4,0))) -> 0 | T157: =IF($H157="숙박",0,IF($H157=MID(T$1,3,20),IF($I157="",1,0.6),IF($I157=MID(T$1,3,20),0.4,0))) -> 0 | U157: =IF($H157="숙박",0,IF(ISNUMBER(SEARCH("야경",$J157)),1,0)) -> 0 | V157: =IF($H157="숙박",0,1) -> 1
A158: 157 | B158: 테마 파일 (RESCENE Route) | D158: 고현동 상권 | E158: Gohyeon-dong District | F158: RESCENE Route | G158: 로컬·먹거리 | H158: 로컬·먹거리 | J158: 촬영명소 | K158: 하 | O158: 거제 최대 상권. 숙소를 여기 잡으면 저녁 이동이 없다. | P158: =IF($H158="숙박",0,IF($H158=MID(P$1,3,20),IF($I158="",1,0.6),IF($I158=MID(P$1,3,20),0.4,0))) -> 0 | Q158: =IF($H158="숙박",0,IF($H158=MID(Q$1,3,20),IF($I158="",1,0.6),IF($I158=MID(Q$1,3,20),0.4,0))) -> 0 | R158: =IF($H158="숙박",0,IF($H158=MID(R$1,3,20),IF($I158="",1,0.6),IF($I158=MID(R$1,3,20),0.4,0))) -> 0 | S158: =IF($H158="숙박",0,IF($H158=MID(S$1,3,20),IF($I158="",1,0.6),IF($I158=MID(S$1,3,20),0.4,0))) -> 1 | T158: =IF($H158="숙박",0,IF($H158=MID(T$1,3,20),IF($I158="",1,0.6),IF($I158=MID(T$1,3,20),0.4,0))) -> 0 | U158: =IF($H158="숙박",0,IF(ISNUMBER(SEARCH("야경",$J158)),1,0)) -> 0 | V158: =IF($H158="숙박",0,1) -> 1
A159: 158 | B159: 장소 마스터 | D159: 관덕정 | E159: Gwandeokjeong | F159: 제주 K-Drama | G159: 역사·문화 | H159: 역사·문화 | J159: 촬영명소 | K159: 하 | O159: 제주목 관아 앞의 조선 초기 누각. 보물로 지정돼 있다. | P159: =IF($H159="숙박",0,IF($H159=MID(P$1,3,20),IF($I159="",1,0.6),IF($I159=MID(P$1,3,20),0.4,0))) -> 1 | Q159: =IF($H159="숙박",0,IF($H159=MID(Q$1,3,20),IF($I159="",1,0.6),IF($I159=MID(Q$1,3,20),0.4,0))) -> 0 | R159: =IF($H159="숙박",0,IF($H159=MID(R$1,3,20),IF($I159="",1,0.6),IF($I159=MID(R$1,3,20),0.4,0))) -> 0 | S159: =IF($H159="숙박",0,IF($H159=MID(S$1,3,20),IF($I159="",1,0.6),IF($I159=MID(S$1,3,20),0.4,0))) -> 0 | T159: =IF($H159="숙박",0,IF($H159=MID(T$1,3,20),IF($I159="",1,0.6),IF($I159=MID(T$1,3,20),0.4,0))) -> 0 | U159: =IF($H159="숙박",0,IF(ISNUMBER(SEARCH("야경",$J159)),1,0)) -> 0 | V159: =IF($H159="숙박",0,1) -> 1
A160: 159 | B160: 테마 파일 (왕과 사는 남자) | D160: 관풍헌 | E160: Gwanpungheon | F160: 왕과 사는 남자 | G160: 역사·문화 | H160: 역사·문화 | J160: 촬영명소 | K160: 하 | O160: 홍수로 청령포에서 옮겨온 단종이 생을 마쳤다고 전하는 관아 건물. 군청과 학교를 거쳐 지금은 종교 시설로 쓰이며, 상가와 차량이 오가는 읍내 한복판에 놓여 있어 표지를 보지 않으면 지나치기 쉽다. | P160: =IF($H160="숙박",0,IF($H160=MID(P$1,3,20),IF($I160="",1,0.6),IF($I160=MID(P$1,3,20),0.4,0))) -> 1 | Q160: =IF($H160="숙박",0,IF($H160=MID(Q$1,3,20),IF($I160="",1,0.6),IF($I160=MID(Q$1,3,20),0.4,0))) -> 0 | R160: =IF($H160="숙박",0,IF($H160=MID(R$1,3,20),IF($I160="",1,0.6),IF($I160=MID(R$1,3,20),0.4,0))) -> 0 | S160: =IF($H160="숙박",0,IF($H160=MID(S$1,3,20),IF($I160="",1,0.6),IF($I160=MID(S$1,3,20),0.4,0))) -> 0 | T160: =IF($H160="숙박",0,IF($H160=MID(T$1,3,20),IF($I160="",1,0.6),IF($I160=MID(T$1,3,20),0.4,0))) -> 0 | U160: =IF($H160="숙박",0,IF(ISNUMBER(SEARCH("야경",$J160)),1,0)) -> 0 | V160: =IF($H160="숙박",0,1) -> 1
A161: 160 | B161: 장소 마스터 | C161: 수원 | D161: 광교호수공원 | E161: Gwanggyo Lake Park | F161: RESCENE Route | G161: 힐링·생태 | H161: 힐링·생태 | J161: 촬영명소 | K161: 중 | O161: 원천·신대 두 호수를 잇는 수변 공원. | P161: =IF($H161="숙박",0,IF($H161=MID(P$1,3,20),IF($I161="",1,0.6),IF($I161=MID(P$1,3,20),0.4,0))) -> 0 | Q161: =IF($H161="숙박",0,IF($H161=MID(Q$1,3,20),IF($I161="",1,0.6),IF($I161=MID(Q$1,3,20),0.4,0))) -> 1 | R161: =IF($H161="숙박",0,IF($H161=MID(R$1,3,20),IF($I161="",1,0.6),IF($I161=MID(R$1,3,20),0.4,0))) -> 0 | S161: =IF($H161="숙박",0,IF($H161=MID(S$1,3,20),IF($I161="",1,0.6),IF($I161=MID(S$1,3,20),0.4,0))) -> 0 | T161: =IF($H161="숙박",0,IF($H161=MID(T$1,3,20),IF($I161="",1,0.6),IF($I161=MID(T$1,3,20),0.4,0))) -> 0 | U161: =IF($H161="숙박",0,IF(ISNUMBER(SEARCH("야경",$J161)),1,0)) -> 0 | V161: =IF($H161="숙박",0,1) -> 1
A162: 161 | B162: 장소 마스터 | D162: 광장시장 | E162: Gwangjang Market | F162: 케이팝 데몬 헌터스 | G162: 로컬·먹거리 | H162: 로컬·먹거리 | J162: 촬영명소 | K162: 하 | O162: 빈대떡과 김밥 좌판이 통로를 채우는 100년 시장. | P162: =IF($H162="숙박",0,IF($H162=MID(P$1,3,20),IF($I162="",1,0.6),IF($I162=MID(P$1,3,20),0.4,0))) -> 0 | Q162: =IF($H162="숙박",0,IF($H162=MID(Q$1,3,20),IF($I162="",1,0.6),IF($I162=MID(Q$1,3,20),0.4,0))) -> 0 | R162: =IF($H162="숙박",0,IF($H162=MID(R$1,3,20),IF($I162="",1,0.6),IF($I162=MID(R$1,3,20),0.4,0))) -> 0 | S162: =IF($H162="숙박",0,IF($H162=MID(S$1,3,20),IF($I162="",1,0.6),IF($I162=MID(S$1,3,20),0.4,0))) -> 1 | T162: =IF($H162="숙박",0,IF($H162=MID(T$1,3,20),IF($I162="",1,0.6),IF($I162=MID(T$1,3,20),0.4,0))) -> 0 | U162: =IF($H162="숙박",0,IF(ISNUMBER(SEARCH("야경",$J162)),1,0)) -> 0 | V162: =IF($H162="숙박",0,1) -> 1
A163: 162 | B163: 장소 마스터 | D163: 광화문광장 | E163: Gwanghwamun Square | F163: 케이팝 데몬 헌터스 | G163: 역사·문화 | H163: 역사·문화 | J163: 야경, 촬영명소 | K163: 하 | O163: 경복궁에서 곧장 남쪽으로 이어지는 광장. 분수와 역사물길이 있고, 야간 조명이 들어오면 궁 방향으로 보는 구도가 좋다. | P163: =IF($H163="숙박",0,IF($H163=MID(P$1,3,20),IF($I163="",1,0.6),IF($I163=MID(P$1,3,20),0.4,0))) -> 1 | Q163: =IF($H163="숙박",0,IF($H163=MID(Q$1,3,20),IF($I163="",1,0.6),IF($I163=MID(Q$1,3,20),0.4,0))) -> 0 | R163: =IF($H163="숙박",0,IF($H163=MID(R$1,3,20),IF($I163="",1,0.6),IF($I163=MID(R$1,3,20),0.4,0))) -> 0 | S163: =IF($H163="숙박",0,IF($H163=MID(S$1,3,20),IF($I163="",1,0.6),IF($I163=MID(S$1,3,20),0.4,0))) -> 0 | T163: =IF($H163="숙박",0,IF($H163=MID(T$1,3,20),IF($I163="",1,0.6),IF($I163=MID(T$1,3,20),0.4,0))) -> 0 | U163: =IF($H163="숙박",0,IF(ISNUMBER(SEARCH("야경",$J163)),1,0)) -> 1 | V163: =IF($H163="숙박",0,1) -> 1
A164: 163 | B164: 장소 마스터 | D164: 교래 자연휴양림 | E164: Gyorae Recreation Forest | F164: 제주 K-Drama | G164: 힐링·생태 | H164: 힐링·생태 | J164: 촬영명소 | K164: 중 | O164: 곶자왈 지형을 그대로 둔 휴양림. 습한 숲 특유의 식생이 짙다. | P164: =IF($H164="숙박",0,IF($H164=MID(P$1,3,20),IF($I164="",1,0.6),IF($I164=MID(P$1,3,20),0.4,0))) -> 0 | Q164: =IF($H164="숙박",0,IF($H164=MID(Q$1,3,20),IF($I164="",1,0.6),IF($I164=MID(Q$1,3,20),0.4,0))) -> 1 | R164: =IF($H164="숙박",0,IF($H164=MID(R$1,3,20),IF($I164="",1,0.6),IF($I164=MID(R$1,3,20),0.4,0))) -> 0 | S164: =IF($H164="숙박",0,IF($H164=MID(S$1,3,20),IF($I164="",1,0.6),IF($I164=MID(S$1,3,20),0.4,0))) -> 0 | T164: =IF($H164="숙박",0,IF($H164=MID(T$1,3,20),IF($I164="",1,0.6),IF($I164=MID(T$1,3,20),0.4,0))) -> 0 | U164: =IF($H164="숙박",0,IF(ISNUMBER(SEARCH("야경",$J164)),1,0)) -> 0 | V164: =IF($H164="숙박",0,1) -> 1
A165: 164 | B165: 장소 마스터 | D165: 교촌마을 | E165: Gyochon Traditional Village | F165: RESCENE Route | G165: 숙박 | H165: 숙박 | N165: 숙박 — 테마 계산 제외 | O165: 경주 최씨 고택과 교동법주가 있는 한옥 마을. 월정교와 붙어 있어 함께 돌기 좋다. | P165: =IF($H165="숙박",0,IF($H165=MID(P$1,3,20),IF($I165="",1,0.6),IF($I165=MID(P$1,3,20),0.4,0))) -> 0 | Q165: =IF($H165="숙박",0,IF($H165=MID(Q$1,3,20),IF($I165="",1,0.6),IF($I165=MID(Q$1,3,20),0.4,0))) -> 0 | R165: =IF($H165="숙박",0,IF($H165=MID(R$1,3,20),IF($I165="",1,0.6),IF($I165=MID(R$1,3,20),0.4,0))) -> 0 | S165: =IF($H165="숙박",0,IF($H165=MID(S$1,3,20),IF($I165="",1,0.6),IF($I165=MID(S$1,3,20),0.4,0))) -> 0 | T165: =IF($H165="숙박",0,IF($H165=MID(T$1,3,20),IF($I165="",1,0.6),IF($I165=MID(T$1,3,20),0.4,0))) -> 0 | U165: =IF($H165="숙박",0,IF(ISNUMBER(SEARCH("야경",$J165)),1,0)) -> 0 | V165: =IF($H165="숙박",0,1) -> 0
A166: 165 | B166: 장소 마스터 | D166: 구조라해수욕장 | E166: Gujora Beach | F166: RESCENE Route | G166: 해양·자연 | H166: 해양·자연 | J166: 바다, 촬영명소 | K166: 중 | O166: 완만한 백사장이 500m 남짓 이어지는 해변. 외도·해금강 유람선 선착장이 붙어 있다. | P166: =IF($H166="숙박",0,IF($H166=MID(P$1,3,20),IF($I166="",1,0.6),IF($I166=MID(P$1,3,20),0.4,0))) -> 0 | Q166: =IF($H166="숙박",0,IF($H166=MID(Q$1,3,20),IF($I166="",1,0.6),IF($I166=MID(Q$1,3,20),0.4,0))) -> 0 | R166: =IF($H166="숙박",0,IF($H166=MID(R$1,3,20),IF($I166="",1,0.6),IF($I166=MID(R$1,3,20),0.4,0))) -> 0 | S166: =IF($H166="숙박",0,IF($H166=MID(S$1,3,20),IF($I166="",1,0.6),IF($I166=MID(S$1,3,20),0.4,0))) -> 0 | T166: =IF($H166="숙박",0,IF($H166=MID(T$1,3,20),IF($I166="",1,0.6),IF($I166=MID(T$1,3,20),0.4,0))) -> 1 | U166: =IF($H166="숙박",0,IF(ISNUMBER(SEARCH("야경",$J166)),1,0)) -> 0 | V166: =IF($H166="숙박",0,1) -> 1
A167: 166 | B167: 장소 마스터 | D167: 구포시장 | E167: Gupo Market | F167: 부산 영화 기행 | G167: 로컬·먹거리 | H167: 로컬·먹거리 | J167: 촬영명소 | K167: 하 | O167: 낙동강 나루터에서 자란 재래시장. 국수와 돼지국밥이 유명하다. | P167: =IF($H167="숙박",0,IF($H167=MID(P$1,3,20),IF($I167="",1,0.6),IF($I167=MID(P$1,3,20),0.4,0))) -> 0 | Q167: =IF($H167="숙박",0,IF($H167=MID(Q$1,3,20),IF($I167="",1,0.6),IF($I167=MID(Q$1,3,20),0.4,0))) -> 0 | R167: =IF($H167="숙박",0,IF($H167=MID(R$1,3,20),IF($I167="",1,0.6),IF($I167=MID(R$1,3,20),0.4,0))) -> 0 | S167: =IF($H167="숙박",0,IF($H167=MID(S$1,3,20),IF($I167="",1,0.6),IF($I167=MID(S$1,3,20),0.4,0))) -> 1 | T167: =IF($H167="숙박",0,IF($H167=MID(T$1,3,20),IF($I167="",1,0.6),IF($I167=MID(T$1,3,20),0.4,0))) -> 0 | U167: =IF($H167="숙박",0,IF(ISNUMBER(SEARCH("야경",$J167)),1,0)) -> 0 | V167: =IF($H167="숙박",0,1) -> 1
A168: 167 | B168: 장소 마스터 | D168: 국립경주박물관 | E168: Gyeongju National Museum | F168: RESCENE Route | G168: 역사·문화 | H168: 역사·문화 | J168: 실내, 촬영명소 | K168: 하 | O168: 신라 문화유산 상설 전시. 야외 뜰에 범종·석탑·석불 등 석조품 1,100여 점이 놓여 있고, 동궁과 월지에서 도보 10분이다. | P168: =IF($H168="숙박",0,IF($H168=MID(P$1,3,20),IF($I168="",1,0.6),IF($I168=MID(P$1,3,20),0.4,0))) -> 1 | Q168: =IF($H168="숙박",0,IF($H168=MID(Q$1,3,20),IF($I168="",1,0.6),IF($I168=MID(Q$1,3,20),0.4,0))) -> 0 | R168: =IF($H168="숙박",0,IF($H168=MID(R$1,3,20),IF($I168="",1,0.6),IF($I168=MID(R$1,3,20),0.4,0))) -> 0 | S168: =IF($H168="숙박",0,IF($H168=MID(S$1,3,20),IF($I168="",1,0.6),IF($I168=MID(S$1,3,20),0.4,0))) -> 0 | T168: =IF($H168="숙박",0,IF($H168=MID(T$1,3,20),IF($I168="",1,0.6),IF($I168=MID(T$1,3,20),0.4,0))) -> 0 | U168: =IF($H168="숙박",0,IF(ISNUMBER(SEARCH("야경",$J168)),1,0)) -> 0 | V168: =IF($H168="숙박",0,1) -> 1
...

Sheet 테마 프로필
A1: 테마별 카테고리 구성비 — 새 방식(주 0.6 + 보조 0.4)과 기존 앱 분류 비교
A3: 테마 | B3: 장소 수 | C3: 새: 역사·문화 | D3: 새: 힐링·생태 | E3: 새: 테마파크·액티비티 | F3: 새: 로컬·먹거리 | G3: 새: 해양·자연 | H3: 새: 야경 비중 | I3: 기존: 역사·문화 | J3: 기존: 힐링·생태 | K3: 기존: 테마파크·액티비티 | L3: 기존: 로컬·먹거리 | M3: 기존: 해양·자연
A4: 왕과 사는 남자 | B4: =SUMIFS('장소 분류'!$V:$V,'장소 분류'!$F:$F,"*"&$A4&"*") -> 18 | C4: =SUMIFS('장소 분류'!P:P,'장소 분류'!$F:$F,"*"&$A4&"*")/$B4 -> 0.4 | D4: =SUMIFS('장소 분류'!Q:Q,'장소 분류'!$F:$F,"*"&$A4&"*")/$B4 -> 0.31111111 | E4: =SUMIFS('장소 분류'!R:R,'장소 분류'!$F:$F,"*"&$A4&"*")/$B4 -> 0.23333333 | F4: =SUMIFS('장소 분류'!S:S,'장소 분류'!$F:$F,"*"&$A4&"*")/$B4 -> 0.055555556 | G4: =SUMIFS('장소 분류'!T:T,'장소 분류'!$F:$F,"*"&$A4&"*")/$B4 -> 0 | H4: =SUMIFS('장소 분류'!U:U,'장소 분류'!$F:$F,"*"&$A4&"*")/$B4 -> 0.055555556 | I4: 0.3333 | J4: 0.3333 | K4: 0.2778 | L4: 0.0556 | M4: 0
A5: 케이팝 데몬 헌터스 | B5: =SUMIFS('장소 분류'!$V:$V,'장소 분류'!$F:$F,"*"&$A5&"*") -> 86 | C5: =SUMIFS('장소 분류'!P:P,'장소 분류'!$F:$F,"*"&$A5&"*")/$B5 -> 0.29302326 | D5: =SUMIFS('장소 분류'!Q:Q,'장소 분류'!$F:$F,"*"&$A5&"*")/$B5 -> 0.22790698 | E5: =SUMIFS('장소 분류'!R:R,'장소 분류'!$F:$F,"*"&$A5&"*")/$B5 -> 0.21627907 | F5: =SUMIFS('장소 분류'!S:S,'장소 분류'!$F:$F,"*"&$A5&"*")/$B5 -> 0.25348837 | G5: =SUMIFS('장소 분류'!T:T,'장소 분류'!$F:$F,"*"&$A5&"*")/$B5 -> 0.0093023256 | H5: =SUMIFS('장소 분류'!U:U,'장소 분류'!$F:$F,"*"&$A5&"*")/$B5 -> 0.12790698 | I5: 0.3023 | J5: 0.2093 | K5: 0.2209 | L5: 0.2674 | M5: 0
A6: RESCENE Route | B6: =SUMIFS('장소 분류'!$V:$V,'장소 분류'!$F:$F,"*"&$A6&"*") -> 86 | C6: =SUMIFS('장소 분류'!P:P,'장소 분류'!$F:$F,"*"&$A6&"*")/$B6 -> 0.32790698 | D6: =SUMIFS('장소 분류'!Q:Q,'장소 분류'!$F:$F,"*"&$A6&"*")/$B6 -> 0.16511628 | E6: =SUMIFS('장소 분류'!R:R,'장소 분류'!$F:$F,"*"&$A6&"*")/$B6 -> 0.13023256 | F6: =SUMIFS('장소 분류'!S:S,'장소 분류'!$F:$F,"*"&$A6&"*")/$B6 -> 0.19302326 | G6: =SUMIFS('장소 분류'!T:T,'장소 분류'!$F:$F,"*"&$A6&"*")/$B6 -> 0.18372093 | H6: =SUMIFS('장소 분류'!U:U,'장소 분류'!$F:$F,"*"&$A6&"*")/$B6 -> 0.058139535 | I6: 0.2907 | J6: 0.1744 | K6: 0.1395 | L6: 0.1977 | M6: 0.1977
A7: 제주 K-Drama | B7: =SUMIFS('장소 분류'!$V:$V,'장소 분류'!$F:$F,"*"&$A7&"*") -> 81 | C7: =SUMIFS('장소 분류'!P:P,'장소 분류'!$F:$F,"*"&$A7&"*")/$B7 -> 0.1654321 | D7: =SUMIFS('장소 분류'!Q:Q,'장소 분류'!$F:$F,"*"&$A7&"*")/$B7 -> 0.43703704 | E7: =SUMIFS('장소 분류'!R:R,'장소 분류'!$F:$F,"*"&$A7&"*")/$B7 -> 0.083950617 | F7: =SUMIFS('장소 분류'!S:S,'장소 분류'!$F:$F,"*"&$A7&"*")/$B7 -> 0.051851852 | G7: =SUMIFS('장소 분류'!T:T,'장소 분류'!$F:$F,"*"&$A7&"*")/$B7 -> 0.2617284 | H7: =SUMIFS('장소 분류'!U:U,'장소 분류'!$F:$F,"*"&$A7&"*")/$B7 -> 0.037037037 | I7: 0.1852 | J7: 0.6296 | K7: 0.1235 | L7: 0.0617 | M7: 0
A8: 부산 영화 기행 | B8: =SUMIFS('장소 분류'!$V:$V,'장소 분류'!$F:$F,"*"&$A8&"*") -> 71 | C8: =SUMIFS('장소 분류'!P:P,'장소 분류'!$F:$F,"*"&$A8&"*")/$B8 -> 0.14084507 | D8: =SUMIFS('장소 분류'!Q:Q,'장소 분류'!$F:$F,"*"&$A8&"*")/$B8 -> 0.24507042 | E8: =SUMIFS('장소 분류'!R:R,'장소 분류'!$F:$F,"*"&$A8&"*")/$B8 -> 0.15211268 | F8: =SUMIFS('장소 분류'!S:S,'장소 분류'!$F:$F,"*"&$A8&"*")/$B8 -> 0.26478873 | G8: =SUMIFS('장소 분류'!T:T,'장소 분류'!$F:$F,"*"&$A8&"*")/$B8 -> 0.1971831 | H8: =SUMIFS('장소 분류'!U:U,'장소 분류'!$F:$F,"*"&$A8&"*")/$B8 -> 0.14084507 | I8: 0.1408 | J8: 0.4085 | K8: 0.169 | L8: 0.2817 | M8: 0
A10: 기존 값은 앱 테마 파일(.dc.html)의 cat 코드를 센 값(고정값). 새 값은 「장소 분류」 시트에서 자동 계산.

Sheet 군집 적합
A1: 군집 × 테마 적합 점수 = 테마 구성비 × 군집 카테고리 가중치 (SUMPRODUCT)
A2: 노란 칸 가중치는 가설값(문항 구성안 6-2). 군집 산출 시나리오 3단계에서 데이터 기반 값으로 교체.
A4: 군집 | B4: 역사·문화 | C4: 힐링·생태 | D4: 테마파크·액티비티 | E4: 로컬·먹거리 | F4: 해양·자연
A5: C1 MZ 트렌드 | B5: 0.1 | C5: 0.1 | D5: 0.3 | E5: 0.3 | F5: 0.2
A6: C2 커플 감성 | B6: 0.1 | C6: 0.2 | D6: 0.1 | E6: 0.3 | F6: 0.3
A7: C3 키즈 가족 | B7: 0.1 | C7: 0.1 | D7: 0.5 | E7: 0.1 | F7: 0.2
A8: C4 액티브 시니어 | B8: 0.5 | C8: 0.3 | D8: 0.05 | E8: 0.15 | F8: 0
A9: C5 나홀로 힐링 | B9: 0.1 | C9: 0.6 | D9: 0 | E9: 0.1 | F9: 0.2
A10: C6 미식 로컬 | B10: 0.2 | C10: 0.05 | D10: 0.05 | E10: 0.7 | F10: 0
A11: C7 외래객 K-컬처 | B11: 0.3 | C11: 0.05 | D11: 0.2 | E11: 0.3 | F11: 0.15
A12: C8 외래객 웰니스 | B12: 0.1 | C12: 0.3 | D12: 0 | E12: 0.4 | F12: 0.2
A15: 군집 | B15: 왕과 사는 남자 | C15: 케이팝 데몬 헌터스 | D15: RESCENE Route | E15: 제주 K-Drama | F15: 부산 영화 기행
A16: C1 MZ 트렌드 | B16: =SUMPRODUCT(B5:F5,'테마 프로필'!C4:G4) -> 0.15777778 | C16: =SUMPRODUCT(B5:F5,'테마 프로필'!C5:G5) -> 0.19488372 | D16: =SUMPRODUCT(B5:F5,'테마 프로필'!C6:G6) -> 0.18302326 | E16: =SUMPRODUCT(B5:F5,'테마 프로필'!C7:G7) -> 0.15333333 | F16: =SUMPRODUCT(B5:F5,'테마 프로필'!C8:G8) -> 0.20309859
A17: C2 커플 감성 | B17: =SUMPRODUCT(B6:F6,'테마 프로필'!C4:G4) -> 0.14222222 | C17: =SUMPRODUCT(B6:F6,'테마 프로필'!C5:G5) -> 0.17534884 | D17: =SUMPRODUCT(B6:F6,'테마 프로필'!C6:G6) -> 0.19186047 | E17: =SUMPRODUCT(B6:F6,'테마 프로필'!C7:G7) -> 0.20641975 | F17: =SUMPRODUCT(B6:F6,'테마 프로필'!C8:G8) -> 0.21690141
A18: C3 키즈 가족 | B18: =SUMPRODUCT(B7:F7,'테마 프로필'!C4:G4) -> 0.19333333 | C18: =SUMPRODUCT(B7:F7,'테마 프로필'!C5:G5) -> 0.18744186 | D18: =SUMPRODUCT(B7:F7,'테마 프로필'!C6:G6) -> 0.17046512 | E18: =SUMPRODUCT(B7:F7,'테마 프로필'!C7:G7) -> 0.15975309 | F18: =SUMPRODUCT(B7:F7,'테마 프로필'!C8:G8) -> 0.18056338
A19: C4 액티브 시니어 | B19: =SUMPRODUCT(B8:F8,'테마 프로필'!C4:G4) -> 0.31333333 | C19: =SUMPRODUCT(B8:F8,'테마 프로필'!C5:G5) -> 0.26372093 | D19: =SUMPRODUCT(B8:F8,'테마 프로필'!C6:G6) -> 0.24895349 | E19: =SUMPRODUCT(B8:F8,'테마 프로필'!C7:G7) -> 0.22580247 | F19: =SUMPRODUCT(B8:F8,'테마 프로필'!C8:G8) -> 0.19126761
A20: C5 나홀로 힐링 | B20: =SUMPRODUCT(B9:F9,'테마 프로필'!C4:G4) -> 0.23222222 | C20: =SUMPRODUCT(B9:F9,'테마 프로필'!C5:G5) -> 0.19325581 | D20: =SUMPRODUCT(B9:F9,'테마 프로필'!C6:G6) -> 0.18790698 | E20: =SUMPRODUCT(B9:F9,'테마 프로필'!C7:G7) -> 0.3362963 | F20: =SUMPRODUCT(B9:F9,'테마 프로필'!C8:G8) -> 0.22704225
A21: C6 미식 로컬 | B21: =SUMPRODUCT(B10:F10,'테마 프로필'!C4:G4) -> 0.14611111 | C21: =SUMPRODUCT(B10:F10,'테마 프로필'!C5:G5) -> 0.25825581 | D21: =SUMPRODUCT(B10:F10,'테마 프로필'!C6:G6) -> 0.21546512 | E21: =SUMPRODUCT(B10:F10,'테마 프로필'!C7:G7) -> 0.095432099 | F21: =SUMPRODUCT(B10:F10,'테마 프로필'!C8:G8) -> 0.23338028
A22: C7 외래객 K-컬처 | B22: =SUMPRODUCT(B11:F11,'테마 프로필'!C4:G4) -> 0.19888889 | C22: =SUMPRODUCT(B11:F11,'테마 프로필'!C5:G5) -> 0.22 | D22: =SUMPRODUCT(B11:F11,'테마 프로필'!C6:G6) -> 0.21813953 | E22: =SUMPRODUCT(B11:F11,'테마 프로필'!C7:G7) -> 0.14308642 | F22: =SUMPRODUCT(B11:F11,'테마 프로필'!C8:G8) -> 0.19394366
A23: C8 외래객 웰니스 | B23: =SUMPRODUCT(B12:F12,'테마 프로필'!C4:G4) -> 0.15555556 | C23: =SUMPRODUCT(B12:F12,'테마 프로필'!C5:G5) -> 0.20093023 | D23: =SUMPRODUCT(B12:F12,'테마 프로필'!C6:G6) -> 0.19627907 | E23: =SUMPRODUCT(B12:F12,'테마 프로필'!C7:G7) -> 0.22074074 | F23: =SUMPRODUCT(B12:F12,'테마 프로필'!C8:G8) -> 0.23295775

Sheet 가상 새 테마
A1: 가상 새 테마 3개 — 장소별 주·보조 카테고리와 야경 태그 (문항 구성안 7장)
A3: 가상 테마 | B3: 장소 | C3: 주 카테고리 | D3: 보조 카테고리 | E3: 태그
A4: 통영·남해 섬 로맨스 | B4: 소매물도 | C4: 해양·자연 | D4: 힐링·생태
A5: 통영·남해 섬 로맨스 | B5: 한산도 제승당 | C5: 역사·문화 | D5: 해양·자연
A6: 통영·남해 섬 로맨스 | B6: 동피랑 벽화마을 | C6: 힐링·생태 | D6: 역사·문화 | E6: 야경
A7: 통영·남해 섬 로맨스 | B7: 통영 케이블카 | C7: 테마파크·액티비티 | D7: 해양·자연
A8: 통영·남해 섬 로맨스 | B8: 남해 다랭이마을 | C8: 힐링·생태 | D8: 해양·자연
A9: 통영·남해 섬 로맨스 | B9: 남해 독일마을 | C9: 역사·문화 | D9: 힐링·생태
A10: 통영·남해 섬 로맨스 | B10: 상주은모래비치 | C10: 해양·자연 | D10: 힐링·생태
A11: 통영·남해 섬 로맨스 | B11: 통영 중앙시장 | C11: 로컬·먹거리 | D11: 해양·자연
A12: 통영·남해 섬 로맨스 | B12: 강구안 야경 산책 | C12: 해양·자연 | D12: 로컬·먹거리 | E12: 야경
A13: 통영·남해 섬 로맨스 | B13: 이순신공원 | C13: 힐링·생태 | D13: 해양·자연
A14: 통영·남해 섬 로맨스 | B14: 남해 보리암 | C14: 역사·문화 | D14: 해양·자연
A15: 통영·남해 섬 로맨스 | B15: 미조항 | C15: 로컬·먹거리 | D15: 해양·자연
A16: 키즈 애니 어드벤처 | B16: 에버랜드 | C16: 테마파크·액티비티 | E16: 야경
A17: 키즈 애니 어드벤처 | B17: 한국민속촌 | C17: 역사·문화 | D17: 테마파크·액티비티
A18: 키즈 애니 어드벤처 | B18: 레고랜드 | C18: 테마파크·액티비티
A19: 키즈 애니 어드벤처 | B19: 국립과천과학관 | C19: 테마파크·액티비티
A20: 키즈 애니 어드벤처 | B20: 헤이리 예술마을 | C20: 힐링·생태 | D20: 테마파크·액티비티
A21: 키즈 애니 어드벤처 | B21: 파주 퍼스트가든 | C21: 테마파크·액티비티 | D21: 힐링·생태 | E21: 야경
A22: 키즈 애니 어드벤처 | B22: 남이섬 | C22: 힐링·생태 | D22: 테마파크·액티비티
A23: 키즈 애니 어드벤처 | B23: 춘천 애니메이션박물관 | C23: 테마파크·액티비티 | D23: 역사·문화
A24: 키즈 애니 어드벤처 | B24: 춘천 닭갈비골목 | C24: 로컬·먹거리
A25: 키즈 애니 어드벤처 | B25: 국립수목원 | C25: 힐링·생태
A26: 대구·안동 먹방 예능 로드 | B26: 서문시장 야시장 | C26: 로컬·먹거리 | E26: 야경
A27: 대구·안동 먹방 예능 로드 | B27: 안지랑 곱창골목 | C27: 로컬·먹거리 | E27: 야경
A28: 대구·안동 먹방 예능 로드 | B28: 김광석 다시그리기길 | C28: 역사·문화 | D28: 힐링·생태
A29: 대구·안동 먹방 예능 로드 | B29: 안동 찜닭골목 | C29: 로컬·먹거리
A30: 대구·안동 먹방 예능 로드 | B30: 안동구시장 | C30: 로컬·먹거리 | D30: 역사·문화
A31: 대구·안동 먹방 예능 로드 | B31: 하회마을 | C31: 역사·문화 | D31: 힐링·생태
A32: 대구·안동 먹방 예능 로드 | B32: 월영교 | C32: 힐링·생태 | E32: 야경
A33: 대구·안동 먹방 예능 로드 | B33: 동성로 | C33: 로컬·먹거리 | D33: 테마파크·액티비티 | E33: 야경
A34: 대구·안동 먹방 예능 로드 | B34: 83타워 | C34: 테마파크·액티비티 | E34: 야경
A35: 대구·안동 먹방 예능 로드 | B35: 헛제사밥 까치구멍집 | C35: 로컬·먹거리 | D35: 역사·문화
